name,act_number,floor_number,ascension,victory
CARD.TREMBLE,1,1,0,False
CARD.INFLAME,1,2,0,False
CARD.BYRDONIS_EGG,1,3,0,False
CARD.DISMANTLE,1,4,0,False
CARD.ARMAMENTS,1,5,0,False
CARD.PYRE,1,6,0,False
CARD.FLAME_BARRIER,1,11,0,False
CARD.HOWL_FROM_BEYOND,1,13,0,False
CARD.BURNING_PACT,1,14,0,False
CARD.PRIMAL_FORCE,1,17,0,False
CARD.BASH,2,19,0,False
CARD.FLAME_BARRIER,2,19,0,False
CARD.TRUE_GRIT,2,19,0,False
CARD.CLUMSY,2,20,0,False
CARD.DISMANTLE,2,21,0,False
CARD.BURNING_PACT,2,23,0,False
CARD.TWIN_STRIKE,2,23,0,False
CARD.EXTERMINATE,2,24,0,False
CARD.ARMAMENTS,2,25,0,False
CARD.INFERNAL_BLADE,2,25,0,False
CARD.PRIMAL_FORCE,2,27,0,False
CARD.POMMEL_STRIKE,2,27,0,False
CARD.TAUNT,2,29,0,False
CARD.UNMOVABLE,2,33,0,False
CARD.PILLAGE,3,36,0,False
CARD.FINESSE,3,38,0,False
CARD.DISMANTLE,3,40,0,False
CARD.SWORD_BOOMERANG,3,44,0,False
CARD.DARK_EMBRACE,3,46,0,False
CARD.NEOWS_FURY,1,1,0,False
CARD.FOLLOW_THROUGH,1,2,0,False
CARD.RICOCHET,1,3,0,False
CARD.PIERCING_WAIL,1,5,0,False
CARD.CALCULATED_GAMBLE,1,6,0,False
CARD.BLADE_DANCE,1,7,0,False
CARD.FOOTWORK,1,8,0,False
CARD.SUCKER_PUNCH,1,9,0,False
CARD.DAGGER_SPRAY,1,9,0,False
CARD.I_AM_INVINCIBLE,1,1,0,False
CARD.CRESCENT_SPEAR,1,2,0,False
CARD.SHINING_STRIKE,1,4,0,False
CARD.GLIMMER,1,5,0,False
CARD.KINGLY_KICK,1,7,0,False
CARD.QUASAR,1,9,0,False
CARD.GAMMA_BLAST,1,11,0,False
CARD.REFINE_BLADE,1,13,0,False
CARD.THE_SMITH,1,17,0,False
CARD.CRUSH_UNDER,2,19,0,False
CARD.SHINING_STRIKE,2,20,0,False
CARD.GLOW,2,20,0,False
CARD.WROUGHT_IN_WAR,2,21,0,False
CARD.ORBIT,2,22,0,False
CARD.BEAT_INTO_SHAPE,2,24,0,False
CARD.TRUE_GRIT,1,1,0,False
CARD.BLOODLETTING,1,1,0,False
CARD.TAUNT,1,1,0,False
CARD.TRUE_GRIT,1,2,0,False
CARD.AGGRESSION,1,3,0,False
CARD.EXPECT_A_FIGHT,1,4,0,False
CARD.IMPERVIOUS,1,5,0,False
CARD.POMMEL_STRIKE,1,6,0,False
CARD.FIEND_FIRE,1,9,0,False
CARD.ASHEN_STRIKE,1,13,0,False
CARD.INFLAME,1,14,0,False
CARD.CRIMSON_MANTLE,1,15,0,False
CARD.DARK_EMBRACE,1,17,0,False
CARD.DOMINATE,2,19,0,False
CARD.MOLTEN_FIST,2,20,0,False
CARD.DECAY,2,23,0,False
CARD.CRUELTY,2,25,0,False
CARD.VICIOUS,2,28,0,False
CARD.DISMANTLE,2,31,0,False
CARD.STRIKE_NECROBINDER,1,1,0,False
CARD.DEFEND_NECROBINDER,1,1,0,False
CARD.REAVE,1,2,0,False
CARD.BYRDONIS_EGG,1,3,0,False
CARD.LETHALITY,1,4,0,False
CARD.INVOKE,1,6,0,False
CARD.DEFILE,1,7,0,False
CARD.SPOILS_MAP,1,8,0,False
CARD.NEGATIVE_PULSE,1,12,0,False
CARD.NO_ESCAPE,1,14,0,False
CARD.SOW,1,15,0,False
CARD.DEVOUR_LIFE,1,17,0,False
CARD.NO_ESCAPE,2,19,0,False
CARD.PARSE,2,19,0,False
CARD.PULL_AGGRO,2,20,0,False
CARD.MISERY,2,21,0,False
CARD.PUTREFY,2,24,0,False
CARD.FRIENDSHIP,2,28,0,False
CARD.SHROUD,2,29,0,False
CARD.DRAIN_POWER,2,29,0,False
CARD.NEGATIVE_PULSE,2,29,0,False
CARD.REAVE,2,30,0,False
CARD.SPUR,2,31,0,False
CARD.LIGHTNING_ROD,1,1,0,True
CARD.CHAOS,1,2,0,True
CARD.GLASSWORK,1,4,0,True
CARD.BYRDONIS_EGG,1,6,0,True
CARD.COLD_SNAP,1,13,0,True
CARD.SKIM,1,13,0,True
CARD.CHARGE_BATTERY,1,14,0,True
CARD.DARKNESS,1,15,0,True
CARD.CREATIVE_AI,1,17,0,True
CARD.DARKNESS,2,19,0,True
CARD.BALL_LIGHTNING,2,19,0,True
CARD.GLACIER,2,20,0,True
CARD.SCRAPE,2,24,0,True
CARD.FUSION,2,27,0,True
CARD.SHATTER,2,29,0,True
CARD.CHARGE_BATTERY,2,31,0,True
CARD.VOLTAIC,2,33,0,True
CARD.GO_FOR_THE_EYES,3,35,0,True
CARD.MOMENTUM_STRIKE,3,37,0,True
CARD.CHILL,3,38,0,True
CARD.STORM,3,39,0,True
CARD.THUNDER,3,42,0,True
CARD.BOOT_SEQUENCE,3,43,0,True
CARD.TESLA_COIL,3,45,0,True
CARD.GREED,1,1,0,False
CARD.PULL_AGGRO,1,2,0,False
CARD.LETHALITY,1,3,0,False
CARD.FLATTEN,1,3,0,False
CARD.CALL_OF_THE_VOID,1,6,0,False
CARD.DANSE_MACABRE,1,7,0,False
CARD.REAVE,1,8,0,False
CARD.PARSE,1,12,0,False
CARD.REAP,1,12,0,False
CARD.CLEANSE,1,14,0,False
CARD.DIRGE,1,14,0,False
CARD.UNDEATH,1,15,0,False
CARD.NECRO_MASTERY,1,17,0,False
CARD.DIRGE,2,19,0,False
CARD.COUNTDOWN,2,19,0,False
CARD.DRAIN_POWER,2,19,0,False
CARD.EXTERMINATE,2,20,0,False
CARD.INVOKE,2,21,0,False
CARD.SNAP,2,23,0,False
CARD.ENFEEBLING_TOUCH,2,25,0,False
CARD.POKE,2,28,0,False
CARD.FEAR,2,29,0,False
CARD.SQUEEZE,2,29,0,False
CARD.CAPTURE_SPIRIT,2,30,0,False
CARD.WISP,2,31,0,False
CARD.DEMESNE,2,33,0,False
CARD.PUTREFY,3,35,0,False
CARD.DOUBT,3,37,0,False
CARD.SOW,3,37,0,False
CARD.NECRO_MASTERY,3,38,0,False
CARD.GRAVE_WARDEN,3,39,0,False
CARD.WISP,3,43,0,False
CARD.SPIRIT_OF_ASH,3,44,0,False
CARD.GRAVE_WARDEN,3,44,0,False
CARD.HYPERBEAM,1,1,1,True
CARD.CAPACITOR,1,2,1,True
CARD.SPOILS_MAP,1,3,1,True
CARD.LEAP,1,5,1,True
CARD.COOLHEADED,1,7,1,True
CARD.HAILSTORM,1,9,1,True
CARD.FIGHT_THROUGH,1,12,1,True
CARD.REBOOT,1,14,1,True
CARD.COLD_SNAP,1,15,1,True
CARD.MULTI_CAST,1,17,1,True
CARD.RELAX,2,18,1,True
CARD.RELAX,2,18,1,True
CARD.COMPACT,2,19,1,True
CARD.EXTERMINATE,2,21,1,True
CARD.LOOP,2,23,1,True
CARD.BULK_UP,2,27,1,True
CARD.LIGHTNING_ROD,2,29,1,True
CARD.DARKNESS,2,30,1,True
CARD.MACHINE_LEARNING,2,31,1,True
CARD.SKIM,2,31,1,True
CARD.SUPERCRITICAL,2,31,1,True
CARD.RAINBOW,2,33,1,True
CARD.APOTHEOSIS,3,34,1,True
CARD.FOCUSED_STRIKE,3,35,1,True
CARD.THUNDER,3,36,1,True
CARD.GLACIER,3,38,1,True
CARD.LEAP,3,43,1,True
CARD.ICE_LANCE,3,44,1,True
CARD.SUBROUTINE,3,45,1,True
CARD.NULL,3,46,1,True
CARD.WROUGHT_IN_WAR,1,2,0,False
CARD.CLOAK_OF_STARS,1,3,0,False
CARD.FURNACE,1,4,0,False
CARD.BYRDONIS_EGG,1,5,0,False
CARD.REFINE_BLADE,1,6,0,False
CARD.GLOW,1,2,0,False
CARD.SPOILS_OF_BATTLE,1,3,0,False
CARD.DYING_STAR,1,4,0,False
CARD.SPOILS_MAP,1,5,0,False
CARD.WROUGHT_IN_WAR,1,6,0,False
CARD.PARRY,1,7,0,False
CARD.TERRAFORMING,1,2,0,False
CARD.SOLAR_STRIKE,1,4,0,False
CARD.CLOAK_OF_STARS,1,6,0,False
CARD.RESONANCE,1,2,0,False
CARD.GATHER_LIGHT,1,3,0,False
CARD.HIDDEN_CACHE,1,4,0,False
CARD.PALE_BLUE_DOT,1,5,0,False
CARD.BLACK_HOLE,1,6,0,False
CARD.REFINE_BLADE,1,8,0,False
CARD.STARDUST,1,9,0,False
CARD.CONVERGENCE,1,11,0,False
CARD.GATHER_LIGHT,1,2,0,False
CARD.CRUSH_UNDER,1,3,0,False
CARD.THE_SMITH,1,4,0,False
CARD.WROUGHT_IN_WAR,1,6,0,False
CARD.GLOW,1,7,0,False
CARD.TERRAFORMING,1,9,0,False
CARD.CLOAK_OF_STARS,1,13,0,False
CARD.GLITTERSTREAM,1,15,0,False
CARD.SWORD_SAGE,1,17,0,False
CARD.CONQUEROR,2,19,0,False
CARD.SQUASH,2,21,0,False
CARD.ORBIT,2,25,0,False
CARD.COSMIC_INDIFFERENCE,2,27,0,False
CARD.SPOILS_OF_BATTLE,2,29,0,False
CARD.NEOWS_FURY,1,1,0,False
CARD.CLOAK_AND_DAGGER,1,2,0,False
CARD.CLUMSY,1,3,0,False
CARD.HAUNT,1,2,0,False
CARD.FETCH,1,3,0,False
CARD.DEFILE,1,4,0,False
CARD.COUNTDOWN,1,6,0,False
CARD.HIGH_FIVE,1,11,0,False
CARD.NEGATIVE_PULSE,1,12,0,False
CARD.SHROUD,1,15,0,False
CARD.TIMES_UP,1,17,0,False
CARD.BORROWED_TIME,2,19,0,False
CARD.UNDEATH,2,20,0,False
CARD.REAP,1,2,0,False
CARD.POKE,1,3,0,False
CARD.SEVERANCE,1,5,0,False
CARD.FRIENDSHIP,1,6,0,False
CARD.DEATH_MARCH,1,7,0,False
CARD.WISP,1,8,0,False
CARD.DELAY,1,12,0,False
CARD.DAGGER_SPRAY,1,2,0,True
CARD.NOXIOUS_FUMES,1,5,0,True
CARD.DODGE_AND_ROLL,1,5,0,True
CARD.INFINITE_BLADES,1,7,0,True
CARD.BACKFLIP,1,9,0,True
CARD.ACROBATICS,1,12,0,True
CARD.MIRAGE,1,14,0,True
CARD.STRANGLE,1,15,0,True
CARD.SHADOWMELD,1,17,0,True
CARD.UP_MY_SLEEVE,2,19,0,True
CARD.ULTIMATE_DEFEND,2,20,0,True
CARD.UP_MY_SLEEVE,2,21,0,True
CARD.WELL_LAID_PLANS,2,22,0,True
CARD.ACCURACY,2,23,0,True
CARD.PIERCING_WAIL,2,24,0,True
CARD.NOXIOUS_FUMES,2,25,0,True
CARD.ENVENOM,2,29,0,True
CARD.HAZE,2,31,0,True
CARD.STORM_OF_STEEL,2,33,0,True
CARD.UNTOUCHABLE,3,42,0,True
CARD.GATHER_LIGHT,1,2,0,False
CARD.SEEKING_EDGE,1,4,0,False
CARD.GLOW,1,5,0,False
CARD.CHILD_OF_THE_STARS,1,6,0,False
CARD.WROUGHT_IN_WAR,1,11,0,False
CARD.BIG_BANG,1,13,0,False
CARD.I_AM_INVINCIBLE,1,17,0,False
CARD.COLLISION_COURSE,2,21,0,False
CARD.ORBIT,2,21,0,False
CARD.COSMIC_INDIFFERENCE,2,27,0,False
CARD.GATHER_LIGHT,1,2,0,True
CARD.HEGEMONY,1,3,0,True
CARD.SPECTRUM_SHIFT,1,4,0,True
CARD.STARDUST,1,6,0,True
CARD.RADIATE,1,7,0,True
CARD.GLOW,1,9,0,True
CARD.PILLAR_OF_CREATION,1,11,0,True
CARD.SOLAR_STRIKE,1,11,0,True
CARD.VOID_FORM,1,14,0,True
CARD.BUNDLE_OF_JOY,1,17,0,True
CARD.CONVERGENCE,2,19,0,True
CARD.BLACK_HOLE,2,21,0,True
CARD.ENLIGHTENMENT,2,22,0,True
CARD.ENLIGHTENMENT,2,22,0,True
CARD.CLOAK_OF_STARS,2,27,0,True
CARD.GATHER_LIGHT,2,27,0,True
CARD.TYRANNY,2,30,0,True
CARD.HIDDEN_CACHE,2,31,0,True
CARD.GENESIS,2,33,0,True
CARD.THE_SEALED_THRONE,3,34,0,True
CARD.CLOAK_OF_STARS,3,36,0,True
CARD.CHILD_OF_THE_STARS,3,38,0,True
CARD.OUTBREAK,1,2,1,False
CARD.DEFLECT,1,3,1,False
CARD.ACROBATICS,1,4,1,False
CARD.CORROSIVE_WAVE,1,5,1,False
CARD.DODGE_AND_ROLL,1,7,1,False
CARD.CALCULATED_GAMBLE,1,12,1,False
CARD.PIERCING_WAIL,1,12,1,False
CARD.MIRAGE,1,14,1,False
CARD.ACCELERANT,1,17,1,False
CARD.MIRAGE,2,19,1,False
CARD.ACROBATICS,2,19,1,False
CARD.SNAKEBITE,2,20,1,False
CARD.SPEEDSTER,2,23,1,False
CARD.METAMORPHOSIS,2,24,1,False
CARD.EXPERTISE,2,29,1,False
CARD.PREPARED,2,30,1,False
CARD.EXPOSE,2,31,1,False
CARD.BURST,2,33,1,False
CARD.LEG_SWEEP,3,35,1,False
CARD.PREDATOR,3,38,1,False
CARD.FLICK_FLACK,3,39,1,False
CARD.BACKFLIP,3,42,1,False
CARD.PREPARED,3,43,1,False
CARD.NOXIOUS_FUMES,3,44,1,False
CARD.RICOCHET,3,46,1,False
CARD.TRUE_GRIT,1,2,0,False
CARD.JUGGLING,1,4,0,False
CARD.VICIOUS,1,5,0,False
CARD.FEEL_NO_PAIN,1,6,0,False
CARD.BURNING_PACT,1,2,0,False
CARD.HOWL_FROM_BEYOND,1,5,0,False
CARD.THE_BOMB,1,1,2,True
CARD.TESLA_COIL,1,2,2,True
CARD.BOOT_SEQUENCE,1,3,2,True
CARD.COOLHEADED,1,4,2,True
CARD.LEAP,1,5,2,True
CARD.GLACIER,1,6,2,True
CARD.HAILSTORM,1,7,2,True
CARD.TURBO,1,9,2,True
CARD.MACHINE_LEARNING,1,12,2,True
CARD.LEAP,1,13,2,True
CARD.COMPILE_DRIVER,1,15,2,True
CARD.TRASH_TO_TREASURE,1,17,2,True
CARD.GLACIER,2,19,2,True
CARD.COLD_SNAP,2,19,2,True
CARD.DARKNESS,2,20,2,True
CARD.THUNDER,2,20,2,True
CARD.REBOOT,2,20,2,True
CARD.BULK_UP,2,22,2,True
CARD.FUSION,2,25,2,True
CARD.STORM,2,27,2,True
CARD.WHITE_NOISE,2,28,2,True
CARD.RAINBOW,2,29,2,True
CARD.FERAL,2,30,2,True
CARD.HELIX_DRILL,2,31,2,True
CARD.SHATTER,2,33,2,True
CARD.CHAOS,3,35,2,True
CARD.SCAVENGE,3,37,2,True
CARD.LOOP,3,38,2,True
CARD.ITERATION,3,42,2,True
CARD.GLASSWORK,3,44,2,True
CARD.NULL,3,45,2,True
CARD.SYNCHRONIZE,3,46,2,True
CARD.STOKE,1,1,0,False
CARD.SECOND_WIND,1,2,0,False
CARD.FORGOTTEN_RITUAL,1,4,0,False
CARD.GRAPPLE,1,5,0,False
CARD.FEED,1,8,0,False
CARD.FLAME_BARRIER,1,11,0,False
CARD.BYRDONIS_EGG,1,13,0,False
CARD.RUPTURE,1,15,0,False
CARD.CRIMSON_MANTLE,1,17,0,False
CARD.FLAME_BARRIER,2,19,0,False
CARD.SWORD_BOOMERANG,2,19,0,False
CARD.PILLAGE,2,20,0,False
CARD.TREMBLE,2,21,0,False
CARD.FEEL_NO_PAIN,2,22,0,False
CARD.TRUE_GRIT,2,22,0,False
CARD.HAVOC,2,23,0,False
CARD.NEOWS_FURY,1,1,0,False
CARD.BREAKTHROUGH,1,2,0,False
CARD.SPITE,1,3,0,False
CARD.SHRUG_IT_OFF,1,9,0,False
CARD.UPPERCUT,1,11,0,False
CARD.DISMANTLE,1,12,0,False
CARD.MOLTEN_FIST,1,15,0,False
CARD.TRUE_GRIT,1,2,0,False
CARD.SHRUG_IT_OFF,1,4,0,False
CARD.ARMAMENTS,1,5,0,False
CARD.TAUNT,1,6,0,False
CARD.RAMPAGE,1,7,0,False
CARD.BURNING_PACT,1,11,0,False
CARD.FLAME_BARRIER,1,14,0,False
CARD.FEED,1,17,0,False
CARD.HEADBUTT,2,19,0,False
CARD.BREAKTHROUGH,2,28,0,False
CARD.PYRE,2,33,0,False
CARD.MAD_SCIENCE,3,39,0,False
CARD.HEADBUTT,1,2,0,False
CARD.PURITY,1,3,0,False
CARD.ANGER,1,5,0,False
CARD.BULLY,1,2,0,False
CARD.RAMPAGE,1,3,0,False
CARD.FIEND_FIRE,1,8,0,False
CARD.DARK_EMBRACE,1,9,0,False
CARD.CINDER,1,12,0,False
CARD.MOLTEN_FIST,1,13,0,False
CARD.ARMAMENTS,1,14,0,False
CARD.DISMANTLE,1,15,0,False
CARD.PACTS_END,1,17,0,False
CARD.CORRUPTION,2,18,0,False
CARD.BULLY,2,19,0,False
CARD.VICIOUS,2,19,0,False
CARD.BLOODLETTING,2,20,0,False
CARD.SQUASH,2,21,0,False
CARD.DOMINATE,2,22,0,False
CARD.HOWL_FROM_BEYOND,2,25,0,False
CARD.PREP_TIME,1,1,3,False
CARD.SKIM,1,2,3,False
CARD.COOLHEADED,1,3,3,False
CARD.GO_FOR_THE_EYES,1,5,3,False
CARD.THUNDER,1,6,3,False
CARD.SUBROUTINE,1,7,3,False
CARD.DEFRAGMENT,1,9,3,False
CARD.POMMEL_STRIKE,1,2,0,True
CARD.INFLAME,1,3,0,True
CARD.UPPERCUT,1,5,0,True
CARD.TREMBLE,1,9,0,True
CARD.MOLTEN_FIST,1,12,0,True
CARD.FLAME_BARRIER,1,13,0,True
CARD.FEED,1,17,0,True
CARD.THUNDERCLAP,2,19,0,True
CARD.SHRUG_IT_OFF,2,21,0,True
CARD.SHOCKWAVE,2,22,0,True
CARD.VICIOUS,2,23,0,True
CARD.BULLY,3,36,0,True
CARD.TRUE_GRIT,3,39,0,True
CARD.MAD_SCIENCE,3,40,0,True
CARD.JUGGLING,3,42,0,True
CARD.DRAIN_POWER,1,2,0,False
CARD.FRIENDSHIP,1,3,0,False
CARD.NEGATIVE_PULSE,1,5,0,False
CARD.SPUR,1,7,0,False
CARD.PARSE,1,8,0,False
CARD.REAP,1,11,0,False
CARD.CAPTURE_SPIRIT,1,13,0,False
CARD.ENFEEBLING_TOUCH,1,15,0,False
CARD.NECRO_MASTERY,1,17,0,False
CARD.FEAR,2,19,0,False
CARD.DEFILE,2,20,0,False
CARD.POKE,2,21,0,False
CARD.PULL_AGGRO,1,2,0,False
CARD.PUTREFY,1,3,0,False
CARD.DELAY,1,5,0,False
CARD.POKE,1,6,0,False
CARD.DEVOUR_LIFE,1,8,0,False
CARD.FLATTEN,1,9,0,False
CARD.SNAP,1,9,0,False
CARD.WISP,1,11,0,False
CARD.RATTLE,1,12,0,False
CARD.HAUNT,1,14,0,False
CARD.GRAVE_WARDEN,1,15,0,False
CARD.CALL_OF_THE_VOID,1,17,0,False
CARD.DELAY,2,19,0,False
CARD.PULL_FROM_BELOW,2,19,0,False
CARD.CAPTURE_SPIRIT,2,19,0,False
CARD.RIGHT_HAND_HAND,2,20,0,False
CARD.HIGH_FIVE,2,20,0,False
CARD.REAVE,2,21,0,False
CARD.SIC_EM,2,22,0,False
CARD.GRAVE_WARDEN,2,22,0,False
CARD.BORROWED_TIME,2,24,0,False
CARD.METAMORPHOSIS,2,29,0,False
CARD.SPIRIT_OF_ASH,2,33,0,False
CARD.WHISTLE,3,34,0,False
CARD.DOUBT,3,38,0,False
CARD.SENTRY_MODE,3,38,0,False
CARD.VOLLEY,1,1,0,False
CARD.DEFILE,1,2,0,False
CARD.REAP,1,3,0,False
CARD.SEVERANCE,1,8,0,False
CARD.DEFY,1,9,0,False
CARD.HIGH_FIVE,1,11,0,False
CARD.CAPTURE_SPIRIT,1,12,0,False
CARD.DELAY,1,15,0,False
CARD.PUTREFY,1,15,0,False
CARD.DEVOUR_LIFE,1,17,0,False
CARD.HIGH_FIVE,2,20,0,False
CARD.NEGATIVE_PULSE,2,21,0,False
CARD.WISP,2,21,0,False
CARD.SEVERANCE,1,2,0,False
CARD.DEFY,1,3,0,False
CARD.DEATH_MARCH,1,4,0,False
CARD.WISP,1,5,0,False
CARD.SPUR,1,7,0,False
CARD.BORROWED_TIME,1,13,0,False
CARD.PUTREFY,1,15,0,False
CARD.SENTRY_MODE,1,17,0,False
CARD.SOW,2,20,0,False
CARD.SQUASH,2,21,0,False
CARD.ENFEEBLING_TOUCH,2,22,0,False
CARD.SNAP,1,2,0,False
CARD.RATTLE,1,3,0,False
CARD.SQUEEZE,1,4,0,False
CARD.GRAVE_WARDEN,1,5,0,False
CARD.FRIENDSHIP,1,5,0,False
CARD.NEGATIVE_PULSE,1,7,0,False
CARD.POKE,1,7,0,False
CARD.PULL_AGGRO,1,8,0,False
CARD.HIGH_FIVE,1,9,0,False
CARD.LETHALITY,1,11,0,False
CARD.SPOILS_MAP,1,13,0,False
CARD.MELANCHOLY,1,15,0,False
CARD.ADRENALINE,2,18,0,False
CARD.PREPARED,2,18,0,False
CARD.DASH,2,18,0,False
CARD.TOOLS_OF_THE_TRADE,2,18,0,False
CARD.POKE,2,19,0,False
CARD.FETCH,2,20,0,False
CARD.SNAP,2,21,0,False
CARD.EXTERMINATE,2,22,0,False
CARD.GRAVE_WARDEN,2,23,0,False
CARD.REAVE,2,25,0,False
CARD.SNAP,2,28,0,False
CARD.FETCH,2,29,0,False
CARD.SPUR,2,29,0,False
CARD.FLATTEN,3,35,0,False
CARD.DIRGE,3,39,0,False
CARD.CAPTURE_SPIRIT,3,43,0,False
CARD.SCOURGE,1,2,0,False
CARD.REAP,1,3,0,False
CARD.MELANCHOLY,1,5,0,False
CARD.FEAR,1,6,0,False
CARD.HANG,1,8,0,False
CARD.GRAVE_WARDEN,1,8,0,False
CARD.DEMESNE,1,9,0,False
CARD.COUNTDOWN,1,12,0,False
CARD.DEATHBRINGER,1,14,0,False
CARD.CAPTURE_SPIRIT,2,19,0,False
CARD.HAUNT,2,21,0,False
CARD.NEGATIVE_PULSE,2,22,0,False
CARD.NEGATIVE_PULSE,1,2,0,True
CARD.REAP,1,3,0,True
CARD.BORROWED_TIME,1,5,0,True
CARD.WISP,1,6,0,True
CARD.DELAY,1,8,0,True
CARD.MISERY,1,9,0,True
CARD.SCOURGE,1,11,0,True
CARD.GRAVEBLAST,1,13,0,True
CARD.SHROUD,1,15,0,True
CARD.OBLIVION,1,15,0,True
CARD.REAPER_FORM,1,17,0,True
CARD.CLEANSE,2,21,0,True
CARD.NO_ESCAPE,2,24,0,True
CARD.GRAVE_WARDEN,2,29,0,True
CARD.END_OF_DAYS,2,33,0,True
CARD.COUNTDOWN,3,37,0,True
CARD.DOUBT,3,38,0,True
CARD.DREDGE,3,39,0,True
CARD.FRIENDSHIP,3,45,0,True
CARD.PARSE,1,2,1,True
CARD.DEFY,1,3,1,True
CARD.CAPTURE_SPIRIT,1,4,1,True
CARD.LETHALITY,1,5,1,True
CARD.SOW,1,9,1,True
CARD.REAVE,1,11,1,True
CARD.PAGESTORM,1,14,1,True
CARD.DEBILITATE,1,15,1,True
CARD.UNDEATH,1,17,1,True
CARD.DEFY,2,19,1,True
CARD.CAPTURE_SPIRIT,2,19,1,True
CARD.PARSE,2,19,1,True
CARD.UNDEATH,2,20,1,True
CARD.WISP,2,20,1,True
CARD.ULTIMATE_STRIKE,2,21,1,True
CARD.HANG,2,22,1,True
CARD.AUTOMATION,2,24,1,True
CARD.BODYGUARD,2,25,1,True
CARD.LETHALITY,2,25,1,True
CARD.UNLEASH,2,27,1,True
CARD.PUTREFY,2,27,1,True
CARD.STRIKE_NECROBINDER,2,28,1,True
CARD.DREDGE,2,28,1,True
CARD.REAP,2,30,1,True
CARD.NECRO_MASTERY,2,33,1,True
CARD.AFTERLIFE,3,36,1,True
CARD.DEFY,3,39,1,True
CARD.SPUR,3,42,1,True
CARD.GRAVE_WARDEN,3,45,1,True
CARD.HAND_TRICK,1,2,1,False
CARD.SPEEDSTER,1,4,1,False
CARD.PREPARED,1,5,1,False
CARD.UNTOUCHABLE,1,7,1,False
CARD.OMNISLICE,1,1,2,True
CARD.DEFY,1,2,2,True
CARD.GRAVE_WARDEN,1,3,2,True
CARD.DEBILITATE,1,4,2,True
CARD.SNAP,1,5,2,True
CARD.VEILPIERCER,1,6,2,True
CARD.SOW,1,8,2,True
CARD.REAPER_FORM,1,11,2,True
CARD.NO_ESCAPE,1,13,2,True
CARD.WISP,1,14,2,True
CARD.END_OF_DAYS,1,15,2,True
CARD.NEUROSURGE,1,17,2,True
CARD.BRIGHTEST_FLAME,2,18,2,True
CARD.DRAIN_POWER,2,19,2,True
CARD.CAPTURE_SPIRIT,2,20,2,True
CARD.LANTERN_KEY,2,21,2,True
CARD.BANSHEES_CRY,2,21,2,True
CARD.NEGATIVE_PULSE,2,23,2,True
CARD.SPIRIT_OF_ASH,2,25,2,True
CARD.DEFY,2,28,2,True
CARD.NEGATIVE_PULSE,2,30,2,True
CARD.SHROUD,2,31,2,True
CARD.DEVOUR_LIFE,2,33,2,True
CARD.NEGATIVE_PULSE,3,35,2,True
CARD.HAUNT,3,36,2,True
CARD.SCULPTING_STRIKE,3,39,2,True
CARD.DEFILE,3,42,2,True
CARD.METEOR_STRIKE,1,1,3,False
CARD.BALL_LIGHTNING,1,2,3,False
CARD.BOOST_AWAY,1,3,3,False
CARD.LOOP,1,5,3,False
CARD.SPINNER,1,6,3,False
CARD.LIGHTNING_ROD,1,7,3,False
CARD.SKIM,1,11,3,False
CARD.COMPACT,1,13,3,False
CARD.PROLONG,1,1,3,False
CARD.HIGH_FIVE,1,2,3,False
CARD.DEFILE,1,3,3,False
CARD.DREDGE,1,5,3,False
CARD.DEFY,1,6,3,False
CARD.GRAVE_WARDEN,1,8,3,False
CARD.END_OF_DAYS,1,11,3,False
CARD.DIRGE,1,13,3,False
CARD.SHRUG_IT_OFF,1,2,1,False
CARD.PERFECTED_STRIKE,1,3,1,False
CARD.STONE_ARMOR,1,4,1,False
CARD.CLUMSY,1,5,1,False
CARD.GUILTY,1,6,1,False
CARD.UNRELENTING,1,7,1,False
CARD.PILLAGE,1,13,1,False
CARD.THUNDERCLAP,1,15,1,False
CARD.PERFECTED_STRIKE,1,2,1,False
CARD.SHRUG_IT_OFF,1,3,1,False
CARD.THUNDERCLAP,1,5,1,False
CARD.ARMAMENTS,1,6,1,False
CARD.BLOODLETTING,1,8,1,False
CARD.DISMANTLE,1,9,1,False
CARD.COLOSSUS,1,11,1,False
CARD.POMMEL_STRIKE,1,12,1,False
CARD.FLAME_BARRIER,1,13,1,False
CARD.VICIOUS,1,15,1,False
CARD.MANGLE,1,17,1,False
CARD.POMMEL_STRIKE,2,19,1,False
CARD.DOMINATE,2,20,1,False
CARD.TAUNT,2,22,1,False
CARD.SPITE,2,23,1,False
CARD.FEED,2,23,1,False
CARD.STONE_ARMOR,2,24,1,False
CARD.TWIN_STRIKE,2,29,1,False
CARD.UNMOVABLE,2,33,1,False
CARD.BURNING_PACT,3,37,1,False
CARD.FEED,3,38,1,False
CARD.MIND_BLAST,3,39,1,False
CARD.PHOTON_CUT,1,2,1,True
CARD.HIDDEN_CACHE,1,3,1,True
CARD.FURNACE,1,3,1,True
CARD.KINGLY_KICK,1,6,1,True
CARD.BLACK_HOLE,1,9,1,True
CARD.GLIMMER,1,11,1,True
CARD.CHARGE,1,14,1,True
CARD.GATHER_LIGHT,1,15,1,True
CARD.GENESIS,1,17,1,True
CARD.GLITTERSTREAM,2,19,1,True
CARD.GATHER_LIGHT,2,20,1,True
CARD.ASTRAL_PULSE,2,21,1,True
CARD.CHILD_OF_THE_STARS,2,30,1,True
CARD.RESTLESSNESS,2,30,1,True
CARD.NEUTRON_AEGIS,2,31,1,True
CARD.CLOAK_OF_STARS,3,37,1,True
CARD.MAD_SCIENCE,3,39,1,True
CARD.KINGLY_KICK,3,40,1,True
CARD.MAKE_IT_SO,3,45,1,True
CARD.SNAKEBITE,1,2,1,False
CARD.POUNCE,1,3,1,False
CARD.TACTICIAN,1,4,1,False
CARD.EXPERTISE,1,5,1,False
CARD.NOXIOUS_FUMES,1,7,1,False
CARD.ACCELERANT,1,12,1,False
CARD.ACROBATICS,1,13,1,False
CARD.BLUR,1,14,1,False
CARD.ESCAPE_PLAN,1,15,1,False
CARD.ASSASSINATE,1,17,1,False
CARD.LANTERN_KEY,2,20,1,False
CARD.EXPOSE,2,20,1,False
CARD.FOOTWORK,2,21,1,False
CARD.STORM_OF_STEEL,2,21,1,False
CARD.POUNCE,2,22,1,False
CARD.UNTOUCHABLE,2,22,1,False
CARD.DASH,1,2,1,False
CARD.BOUNCING_FLASK,1,3,1,False
CARD.NOXIOUS_FUMES,1,4,1,False
CARD.BYRDONIS_EGG,1,5,1,False
CARD.BACKFLIP,1,6,1,False
CARD.BUBBLE_BUBBLE,1,8,1,False
CARD.WELL_LAID_PLANS,1,11,1,False
CARD.PREPARED,1,12,1,False
CARD.EXPOSE,1,14,1,False
CARD.TRACKING,1,17,1,False
CARD.TACTICIAN,2,19,1,False
CARD.SLICE,2,25,1,False
CARD.DEFLECT,2,27,1,False
CARD.LEG_SWEEP,2,29,1,False
CARD.ABRASIVE,2,30,1,False
CARD.SHADOW_STEP,2,30,1,False
CARD.CORROSIVE_WAVE,2,33,1,False
CARD.TACTICIAN,3,35,1,False
CARD.ACROBATICS,3,36,1,False
CARD.SUCKER_PUNCH,1,2,1,True
CARD.BLUR,1,3,1,True
CARD.WELL_LAID_PLANS,1,5,1,True
CARD.ACROBATICS,1,6,1,True
CARD.FLICK_FLACK,1,11,1,True
CARD.PREPARED,1,12,1,True
CARD.SERPENT_FORM,1,13,1,True
CARD.NOXIOUS_FUMES,1,15,1,True
CARD.ACCELERANT,1,17,1,True
CARD.STRANGLE,2,19,1,True
CARD.NOXIOUS_FUMES,2,21,1,True
CARD.PIERCING_WAIL,2,21,1,True
CARD.TACTICIAN,2,23,1,True
CARD.DODGE_AND_ROLL,2,23,1,True
CARD.FOLLOW_THROUGH,2,31,1,True
CARD.TRACKING,2,35,1,True
CARD.APPARITION,3,36,1,True
CARD.APPARITION,3,36,1,True
CARD.APPARITION,3,36,1,True
CARD.HAZE,3,37,1,True
CARD.ACROBATICS,3,39,1,True
CARD.BACKFLIP,3,40,1,True
CARD.SPEEDSTER,3,42,1,True
CARD.BURST,3,44,1,True
CARD.CALCULATED_GAMBLE,3,47,1,True
CARD.MOLTEN_FIST,1,2,1,False
CARD.ARMAMENTS,1,4,1,False
CARD.PILLAGE,1,5,1,False
CARD.DOMINATE,1,7,1,False
CARD.BATTLE_TRANCE,1,9,1,False
CARD.STONE_ARMOR,1,11,1,False
CARD.INFERNAL_BLADE,1,12,1,False
CARD.BREAKTHROUGH,1,15,1,False
CARD.PYRE,1,17,1,False
CARD.FEEL_NO_PAIN,2,19,1,False
CARD.RUPTURE,2,21,1,False
CARD.POMMEL_STRIKE,2,25,1,False
CARD.UNRELENTING,2,28,1,False
CARD.FLAME_BARRIER,2,29,1,False
CARD.DRUM_OF_BATTLE,2,30,1,False
CARD.TAUNT,2,31,1,False
CARD.IMPERVIOUS,2,33,1,False
CARD.HOWL_FROM_BEYOND,3,37,1,False
CARD.MAD_SCIENCE,3,38,1,False
CARD.PROWESS,1,1,1,False
CARD.ARMAMENTS,1,2,1,False
CARD.SECOND_WIND,1,5,1,False
CARD.OFFERING,1,1,1,False
CARD.BREAKTHROUGH,1,2,1,False
CARD.SETUP_STRIKE,1,3,1,False
CARD.RAMPAGE,1,4,1,False
CARD.COLOSSUS,1,5,1,False
CARD.BURNING_PACT,1,7,1,False
CARD.STONE_ARMOR,1,9,1,False
CARD.BARRICADE,1,11,1,False
CARD.BODY_SLAM,1,13,1,False
CARD.EVIL_EYE,1,15,1,False
CARD.FEED,1,17,1,False
CARD.DRUM_OF_BATTLE,2,22,1,False
CARD.INFLAME,2,24,1,False
CARD.TRUE_GRIT,2,27,1,False
CARD.HOWL_FROM_BEYOND,2,30,1,False
CARD.RUPTURE,2,31,1,False
CARD.MASTER_OF_STRATEGY,2,31,1,False
CARD.VICIOUS,3,35,1,False
CARD.ARMAMENTS,3,36,1,False
CARD.FEEL_NO_PAIN,3,37,1,False
CARD.BODY_SLAM,3,38,1,False
CARD.IMPERVIOUS,3,39,1,False
CARD.BLOODLETTING,3,45,1,False
CARD.POMMEL_STRIKE,1,2,1,False
CARD.MOLTEN_FIST,1,3,1,False
CARD.SHRUG_IT_OFF,1,4,1,False
CARD.BREAKTHROUGH,1,4,1,False
CARD.WHIRLWIND,1,5,1,False
CARD.DISMANTLE,1,7,1,False
CARD.HELLRAISER,1,8,1,False
CARD.CLUMSY,1,9,1,False
CARD.TAUNT,1,11,1,False
CARD.SETUP_STRIKE,1,14,1,False
CARD.TWIN_STRIKE,1,15,1,False
CARD.JUGGERNAUT,1,17,1,False
CARD.TRUE_GRIT,2,19,1,False
CARD.PYRE,2,20,1,False
CARD.POMMEL_STRIKE,2,22,1,False
CARD.GREED,1,1,1,True
CARD.BATTLE_TRANCE,1,2,1,True
CARD.BLOODLETTING,1,4,1,True
CARD.SHRUG_IT_OFF,1,6,1,True
CARD.ONE_TWO_PUNCH,1,7,1,True
CARD.EVIL_EYE,1,9,1,True
CARD.PERFECTED_STRIKE,1,13,1,True
CARD.ARMAMENTS,1,14,1,True
CARD.RAMPAGE,1,15,1,True
CARD.CRIMSON_MANTLE,1,17,1,True
CARD.BURNING_PACT,2,19,1,True
CARD.BLUDGEON,2,22,1,True
CARD.MOLTEN_FIST,2,23,1,True
CARD.PACTS_END,2,25,1,True
CARD.FIEND_FIRE,2,25,1,True
CARD.BATTLE_TRANCE,2,27,1,True
CARD.STOMP,2,29,1,True
CARD.FEED,2,31,1,True
CARD.HELLRAISER,2,31,1,True
CARD.MANGLE,2,33,1,True
CARD.CLUMSY,3,36,1,True
CARD.BARRICADE,3,39,1,True
CARD.JUGGERNAUT,3,44,1,True
CARD.PATTER,1,2,2,False
CARD.QUASAR,1,3,2,False
CARD.PILLAR_OF_CREATION,1,4,2,False
CARD.BULWARK,1,4,2,False
CARD.PURITY,1,5,2,False
CARD.ROYAL_GAMBLE,1,7,2,False
CARD.GATHER_LIGHT,1,8,2,False
CARD.GLITTERSTREAM,1,12,2,False
CARD.THE_SMITH,1,15,2,False
CARD.COMET,1,17,2,False
CARD.TURBO,2,20,2,False
CARD.MACHINE_LEARNING,2,20,2,False
CARD.TEMPEST,2,20,2,False
CARD.PARTICLE_WALL,2,21,2,False
CARD.FURNACE,2,23,2,False
CARD.MAKE_IT_SO,2,30,2,False
CARD.GLOW,1,2,2,True
CARD.HEAVENLY_DRILL,1,4,2,True
CARD.VOID_FORM,1,5,2,True
CARD.KINGLY_KICK,1,6,2,True
CARD.SPOILS_MAP,1,7,2,True
CARD.GATHER_LIGHT,1,11,2,True
CARD.SWORD_SAGE,1,14,2,True
CARD.BIG_BANG,1,15,2,True
CARD.BOMBARDMENT,1,17,2,True
CARD.STARDUST,2,22,2,True
CARD.CRUSH_UNDER,2,22,2,True
CARD.GATHER_LIGHT,2,22,2,True
CARD.STARDUST,2,24,2,True
CARD.PARTICLE_WALL,2,30,2,True
CARD.FOREGONE_CONCLUSION,2,33,2,True
CARD.APOTHEOSIS,3,34,2,True
CARD.ETERNAL_ARMOR,3,38,2,True
CARD.ROYAL_GAMBLE,3,43,2,True
CARD.PREP_TIME,1,1,3,False
CARD.KNOCKOUT_BLOW,1,2,3,False
CARD.BULWARK,1,3,3,False
CARD.KINGLY_KICK,1,5,3,False
CARD.MONARCHS_GAZE,1,7,3,False
CARD.CLOAK_OF_STARS,1,12,3,False
CARD.PATTER,1,13,3,False
CARD.SEVEN_STARS,1,14,3,False
CARD.CRUSH_UNDER,1,15,3,False
CARD.NEUTRON_AEGIS,1,17,3,False
CARD.GLOW,2,19,3,False
CARD.BACKFLIP,2,21,3,False
CARD.BACKFLIP,2,21,3,False
CARD.TRACKING,2,21,3,False
CARD.TRACKING,2,21,3,False
CARD.BULWARK,2,22,3,False
CARD.BULWARK,2,22,3,False
CARD.CONVERGENCE,2,24,3,False
CARD.CONVERGENCE,2,24,3,False
CARD.CHILD_OF_THE_STARS,2,28,3,False
CARD.CHILD_OF_THE_STARS,2,28,3,False
CARD.ORBIT,2,31,3,False
CARD.ORBIT,2,31,3,False
CARD.SEEKING_EDGE,1,1,3,False
CARD.CRUSH_UNDER,1,2,3,False
CARD.GLITTERSTREAM,1,3,3,False
CARD.GLOW,1,4,3,False
CARD.GATHER_LIGHT,1,5,3,False
CARD.PARTICLE_WALL,1,8,3,False
CARD.DYING_STAR,1,14,3,False
CARD.NEUTRON_AEGIS,1,17,3,False
CARD.CHARGE,2,19,3,False
CARD.CLUMSY,2,21,3,False
CARD.GLOW,2,22,3,False
CARD.KINGLY_KICK,2,28,3,False
CARD.SWORD_SAGE,2,30,3,False
CARD.SPLASH,1,1,3,True
CARD.BOOT_SEQUENCE,1,2,3,True
CARD.THUNDER,1,4,3,True
CARD.GLASSWORK,1,5,3,True
CARD.STORM,1,6,3,True
CARD.LIGHTNING_ROD,1,7,3,True
CARD.FIGHT_THROUGH,1,9,3,True
CARD.HOTFIX,1,11,3,True
CARD.COOLANT,1,13,3,True
CARD.SUBROUTINE,1,14,3,True
CARD.MACHINE_LEARNING,1,17,3,True
CARD.FUSION,2,19,3,True
CARD.WHITE_NOISE,2,21,3,True
CARD.COOLHEADED,2,22,3,True
CARD.EXTERMINATE,2,23,3,True
CARD.ITERATION,2,25,3,True
CARD.GLACIER,2,28,3,True
CARD.SMOKESTACK,2,30,3,True
CARD.FLAK_CANNON,2,33,3,True
CARD.TURBO,3,35,3,True
CARD.CAPACITOR,3,38,3,True
CARD.SCAVENGE,3,42,3,True
CARD.SKIM,3,43,3,True
CARD.STORM,3,45,3,True
CARD.MOLTEN_FIST,1,2,2,False
CARD.FIGHT_ME,1,3,2,False
CARD.FLAME_BARRIER,1,4,2,False
CARD.ARMAMENTS,1,5,2,False
CARD.BLOODLETTING,1,6,2,False
CARD.TRUE_GRIT,1,7,2,False
CARD.FIEND_FIRE,1,9,2,False
CARD.FEEL_NO_PAIN,1,11,2,False
CARD.BREAKTHROUGH,1,12,2,False
CARD.PACTS_END,1,14,2,False
CARD.HOWL_FROM_BEYOND,1,15,2,False
CARD.DARK_EMBRACE,1,17,2,False
CARD.HOWL_FROM_BEYOND,2,19,2,False
CARD.SETUP_STRIKE,2,19,2,False
CARD.FEEL_NO_PAIN,2,20,2,False
CARD.CLUMSY,2,22,2,False
CARD.PACTS_END,2,24,2,False
CARD.FIEND_FIRE,2,25,2,False
CARD.SHRUG_IT_OFF,2,25,2,False
CARD.DARK_EMBRACE,2,28,2,False
CARD.BRAND,2,28,2,False
CARD.FORGOTTEN_RITUAL,2,31,2,False
CARD.AGGRESSION,2,33,2,False
CARD.ENTHRALLED,3,34,2,False
CARD.EVIL_EYE,3,37,2,False
CARD.FEEL_NO_PAIN,3,38,2,False
CARD.ORBIT,1,2,3,False
CARD.STARDUST,1,4,3,False
CARD.KNOCKOUT_BLOW,1,2,3,False
CARD.CRUSH_UNDER,1,3,3,False
CARD.PARTICLE_WALL,1,5,3,False
CARD.REFLECT,1,6,3,False
CARD.MAKE_IT_SO,1,7,3,False
CARD.ROYAL_GAMBLE,1,7,3,False
CARD.BREAKTHROUGH,1,2,2,False
CARD.BLOODLETTING,1,3,2,False
CARD.EVIL_EYE,1,4,2,False
CARD.BLOOD_WALL,1,5,2,False
CARD.STOKE,1,6,2,False
CARD.SUCKER_PUNCH,1,2,2,True
CARD.CALCULATED_GAMBLE,1,3,2,True
CARD.BACKFLIP,1,4,2,True
CARD.POUNCE,1,5,2,True
CARD.PREPARED,1,6,2,True
CARD.ANTICIPATE,1,7,2,True
CARD.BACKFLIP,1,7,2,True
CARD.DAGGER_SPRAY,1,9,2,True
CARD.AFTERIMAGE,1,12,2,True
CARD.SPEEDSTER,1,14,2,True
CARD.CLUMSY,1,15,2,True
CARD.MASTER_PLANNER,1,17,2,True
CARD.FOOTWORK,2,19,2,True
CARD.DECAY,2,23,2,True
CARD.LANTERN_KEY,2,28,2,True
CARD.TRACKING,2,28,2,True
CARD.REFLEX,2,31,2,True
CARD.TOOLS_OF_THE_TRADE,2,33,2,True
CARD.APOTHEOSIS,3,34,2,True
CARD.ACROBATICS,3,35,2,True
CARD.ESCAPE_PLAN,3,42,2,True
CARD.LEADING_STRIKE,1,2,3,False
CARD.DASH,1,3,3,False
CARD.SPOILS_MAP,1,4,3,False
CARD.ANTICIPATE,1,5,3,False
CARD.PREPARED,1,2,3,True
CARD.HIDDEN_DAGGERS,1,3,3,True
CARD.TOOLS_OF_THE_TRADE,1,4,3,True
CARD.BACKFLIP,1,5,3,True
CARD.LEG_SWEEP,1,6,3,True
CARD.REFLEX,1,7,3,True
CARD.FAN_OF_KNIVES,1,9,3,True
CARD.INFINITE_BLADES,1,12,3,True
CARD.ACCURACY,1,14,3,True
CARD.ACROBATICS,1,14,3,True
CARD.HAND_TRICK,1,15,3,True
CARD.ENVENOM,1,17,3,True
CARD.BLADE_DANCE,2,19,3,True
CARD.HAND_TRICK,2,20,3,True
CARD.DASH,2,20,3,True
CARD.ANTICIPATE,2,21,3,True
CARD.DEFLECT,2,24,3,True
CARD.FOOTWORK,2,29,3,True
CARD.TACTICIAN,2,30,3,True
CARD.ADRENALINE,2,33,3,True
CARD.BLUR,3,35,3,True
CARD.MAD_SCIENCE,3,36,3,True
CARD.MURDER,3,38,3,True
CARD.PHANTOM_BLADES,3,40,3,True
CARD.OUTBREAK,3,43,3,True
CARD.ECHOING_SLASH,1,1,4,True
CARD.BOUNCING_FLASK,1,2,4,True
CARD.ANTICIPATE,1,3,4,True
CARD.POISONED_STAB,1,4,4,True
CARD.ESCAPE_PLAN,1,5,4,True
CARD.LEG_SWEEP,1,6,4,True
CARD.BACKFLIP,1,8,4,True
CARD.CALCULATED_GAMBLE,1,9,4,True
CARD.DASH,1,11,4,True
CARD.TOOLS_OF_THE_TRADE,1,17,4,True
CARD.ESCAPE_PLAN,2,19,4,True
CARD.ACROBATICS,2,20,4,True
CARD.ASSASSINATE,2,21,4,True
CARD.CLUMSY,2,22,4,True
CARD.OUTBREAK,2,24,4,True
CARD.PIERCING_WAIL,2,27,4,True
CARD.FOOTWORK,2,29,4,True
CARD.WELL_LAID_PLANS,2,31,4,True
CARD.ACCELERANT,2,33,4,True
CARD.PIERCING_WAIL,3,37,4,True
CARD.ACCELERANT,3,43,4,True
CARD.NULL,1,2,4,False
CARD.FERAL,1,3,4,False
CARD.WHITE_NOISE,1,3,4,False
CARD.CLAW,1,6,4,False
CARD.FTL,1,7,4,False
CARD.GLASSWORK,1,8,4,False
CARD.SUPERCRITICAL,1,9,4,False
CARD.DEFRAGMENT,1,9,4,False
CARD.DOUBLE_ENERGY,1,11,4,False
CARD.ALL_FOR_ONE,1,11,4,False
CARD.CAPACITOR,1,13,4,False
CARD.SHADOW_SHIELD,1,14,4,False
CARD.HELIX_DRILL,1,14,4,False
CARD.OVERCLOCK,1,15,4,False
CARD.CHARGE_BATTERY,1,16,4,False
CARD.MACHINE_LEARNING,1,17,4,False
CARD.CLAW,2,19,4,False
CARD.TURBO,2,20,4,False
CARD.LANTERN_KEY,2,21,4,False
CARD.ITERATION,2,24,4,False
CARD.SUBROUTINE,2,27,4,False
CARD.CONSUMING_SHADOW,2,27,4,False
CARD.COOLHEADED,2,28,4,False
CARD.SKIM,2,32,4,False
CARD.WELL_LAID_PLANS,1,2,5,True
CARD.PIERCING_WAIL,1,3,5,True
CARD.ACROBATICS,1,3,5,True
CARD.BACKFLIP,1,4,5,True
CARD.HAZE,1,6,5,True
CARD.PREPARED,1,11,5,True
CARD.ASSASSINATE,1,13,5,True
CARD.PHANTOM_BLADES,1,14,5,True
CARD.FOOTWORK,1,15,5,True
CARD.CORROSIVE_WAVE,1,17,5,True
CARD.ULTIMATE_DEFEND,2,20,5,True
CARD.NOXIOUS_FUMES,2,21,5,True
CARD.SPEEDSTER,2,22,5,True
CARD.BACKFLIP,2,23,5,True
CARD.ACROBATICS,2,25,5,True
CARD.OUTBREAK,2,27,5,True
CARD.ANTICIPATE,2,29,5,True
CARD.RICOCHET,2,31,5,True
CARD.ABRASIVE,2,33,5,True
CARD.ACROBATICS,3,35,5,True
CARD.UNTOUCHABLE,3,36,5,True
CARD.PREPARED,3,39,5,True
CARD.PREPARED,3,40,5,True
CARD.STRIKE_SILENT,3,43,5,True
CARD.STRIKE_SILENT,3,43,5,True
CARD.STRIKE_SILENT,3,43,5,True
CARD.DEFEND_SILENT,3,43,5,True
CARD.DEFEND_SILENT,3,43,5,True
CARD.DEFEND_SILENT,3,43,5,True
CARD.NEUTRALIZE,3,43,5,True
CARD.SURVIVOR,3,43,5,True
CARD.ASCENDERS_BANE,3,43,5,True
CARD.WELL_LAID_PLANS,3,43,5,True
CARD.PIERCING_WAIL,3,43,5,True
CARD.ACROBATICS,3,43,5,True
CARD.BACKFLIP,3,43,5,True
CARD.HAZE,3,43,5,True
CARD.PREPARED,3,43,5,True
CARD.ASSASSINATE,3,43,5,True
CARD.PHANTOM_BLADES,3,43,5,True
CARD.FOOTWORK,3,43,5,True
CARD.CORROSIVE_WAVE,3,43,5,True
CARD.ULTIMATE_DEFEND,3,43,5,True
CARD.NOXIOUS_FUMES,3,43,5,True
CARD.SPEEDSTER,3,43,5,True
CARD.BACKFLIP,3,43,5,True
CARD.ACROBATICS,3,43,5,True
CARD.OUTBREAK,3,43,5,True
CARD.ANTICIPATE,3,43,5,True
CARD.RICOCHET,3,43,5,True
CARD.ABRASIVE,3,43,5,True
CARD.ACROBATICS,3,43,5,True
CARD.UNTOUCHABLE,3,43,5,True
CARD.PREPARED,3,43,5,True
CARD.PREPARED,3,43,5,True
CARD.BAD_LUCK,3,43,5,True
CARD.DIRGE,1,2,3,True
CARD.DEATHBRINGER,1,3,3,True
CARD.DREDGE,1,7,3,True
CARD.WISP,1,8,3,True
CARD.REAP,1,9,3,True
CARD.NEGATIVE_PULSE,1,11,3,True
CARD.SNAP,1,12,3,True
CARD.END_OF_DAYS,1,14,3,True
CARD.SPUR,1,15,3,True
CARD.ULTIMATE_STRIKE,2,20,3,True
CARD.EXTERMINATE,2,21,3,True
CARD.SHARED_FATE,2,22,3,True
CARD.ETERNAL_ARMOR,2,24,3,True
CARD.GRAVE_WARDEN,2,25,3,True
CARD.SACRIFICE,2,29,3,True
CARD.CALL_OF_THE_VOID,2,31,3,True
CARD.SHROUD,3,35,3,True
CARD.MAD_SCIENCE,3,37,3,True
CARD.WISP,3,38,3,True
CARD.FINESSE,3,42,3,True
CARD.BLOODLETTING,1,2,2,False
CARD.BREAKTHROUGH,1,4,2,False
CARD.RAMPAGE,1,5,2,False
CARD.RUPTURE,1,6,2,False
CARD.CLUMSY,1,8,2,False
CARD.INFERNO,1,9,2,False
CARD.TAUNT,1,12,2,False
CARD.FLAME_BARRIER,1,14,2,False
CARD.STONE_ARMOR,1,15,2,False
CARD.BRAND,1,17,2,False
CARD.STONE_ARMOR,2,19,2,False
CARD.INFLAME,2,20,2,False
CARD.PACTS_END,2,20,2,False
CARD.SQUASH,2,21,2,False
CARD.EVIL_EYE,2,22,2,False
CARD.FIEND_FIRE,2,23,2,False
CARD.BLOOD_WALL,2,25,2,False
CARD.DRUM_OF_BATTLE,2,28,2,False
CARD.ULTIMATE_DEFEND,2,29,2,False
CARD.DISMANTLE,2,31,2,False
CARD.SKEWER,1,2,6,True
CARD.BACKFLIP,1,3,6,True
CARD.OUTBREAK,1,4,6,True
CARD.GRAND_FINALE,1,5,6,True
CARD.HAND_TRICK,1,6,6,True
CARD.DASH,1,7,6,True
CARD.TACTICIAN,1,11,6,True
CARD.MASTER_OF_STRATEGY,1,13,6,True
CARD.NOXIOUS_FUMES,1,14,6,True
CARD.PREPARED,1,15,6,True
CARD.ADRENALINE,1,17,6,True
CARD.HAND_TRICK,2,19,6,True
CARD.CALCULATED_GAMBLE,2,20,6,True
CARD.DEADLY_POISON,2,27,6,True
CARD.WELL_LAID_PLANS,2,30,6,True
CARD.ADRENALINE,2,33,6,True
CARD.TRACKING,3,40,6,True
CARD.CLOAK_OF_STARS,1,2,3,False
CARD.GLOW,1,3,3,False
CARD.ASTRAL_PULSE,1,5,3,False
CARD.SHROUD,1,2,4,False
CARD.DEFY,1,3,4,False
CARD.SCOURGE,1,4,4,False
CARD.NECRO_MASTERY,1,7,4,False
CARD.MISERY,1,9,4,False
CARD.NEGATIVE_PULSE,1,13,4,False
CARD.DEATHBRINGER,1,14,4,False
CARD.DIRGE,1,15,4,False
CARD.BANSHEES_CRY,1,17,4,False
CARD.BONE_SHARDS,2,19,4,False
CARD.ENFEEBLING_TOUCH,2,21,4,False
CARD.SPEEDSTER,1,1,7,False
CARD.MIRAGE,1,2,7,False
CARD.DISTRACTION,1,3,7,False
CARD.SNAKEBITE,1,5,7,False
CARD.PREPARED,1,7,7,False
CARD.BLUR,1,7,7,False
CARD.DODGE_AND_ROLL,1,8,7,False
CARD.ARMAMENTS,1,2,2,True
CARD.UPPERCUT,1,3,2,True
CARD.POMMEL_STRIKE,1,4,2,True
CARD.DEMON_FORM,1,5,2,True
CARD.BARRICADE,1,6,2,True
CARD.BLOOD_WALL,1,8,2,True
CARD.OFFERING,1,17,2,True
CARD.TAUNT,2,20,2,True
CARD.INFERNO,2,22,2,True
CARD.RUPTURE,2,23,2,True
CARD.BLOODLETTING,2,25,2,True
CARD.TEAR_ASUNDER,2,31,2,True
CARD.PYRE,2,33,2,True
CARD.LETHALITY,1,2,4,False
CARD.DEFY,1,3,4,False
CARD.SOW,1,4,4,False
CARD.BORROWED_TIME,1,6,4,False
CARD.SCULPTING_STRIKE,1,7,4,False
CARD.WISP,1,9,4,False
CARD.DREDGE,1,11,4,False
CARD.PUTREFY,1,12,4,False
CARD.SPUR,1,15,4,False
CARD.THE_SCYTHE,1,17,4,False
CARD.PARSE,2,19,4,False
CARD.GRAVE_WARDEN,2,20,4,False
CARD.LETHALITY,2,21,4,False
CARD.CALCIFY,2,22,4,False
CARD.FLAME_BARRIER,1,2,3,True
CARD.SHRUG_IT_OFF,1,4,3,True
CARD.CRIMSON_MANTLE,1,6,3,True
CARD.TRUE_GRIT,1,11,3,True
CARD.FIEND_FIRE,1,13,3,True
CARD.TAUNT,1,14,3,True
CARD.IMPERVIOUS,1,15,3,True
CARD.COLOSSUS,1,17,3,True
CARD.CURSE_OF_THE_BELL,2,18,3,True
CARD.BURNING_PACT,2,19,3,True
CARD.FEED,2,21,3,True
CARD.COLOSSUS,2,24,3,True
CARD.BLOODLETTING,2,29,3,True
CARD.DARK_EMBRACE,2,33,3,True
CARD.UPPERCUT,3,35,3,True
CARD.BATTLE_TRANCE,3,37,3,True
CARD.PACTS_END,3,39,3,True
CARD.DYING_STAR,1,1,3,False
CARD.ROYAL_GAMBLE,1,2,3,False
CARD.CHARGE,1,3,3,False
CARD.GREED,1,4,3,False
CARD.PATTER,1,5,3,False
CARD.GATHER_LIGHT,1,6,3,False
CARD.BIG_BANG,1,7,3,False
CARD.KNOCKOUT_BLOW,1,8,3,False
CARD.CHILD_OF_THE_STARS,1,9,3,False
CARD.NULL,1,1,4,True
CARD.NULL,1,1,4,True
CARD.NULL,1,1,4,True
CARD.NULL,1,1,4,True
CARD.NULL,1,1,4,True
CARD.SPINNER,1,7,4,True
CARD.RAINBOW,1,9,4,True
CARD.REBOOT,1,11,4,True
CARD.SUPERCRITICAL,1,17,4,True
CARD.VOLTAIC,2,20,4,True
CARD.DECAY,2,22,4,True
CARD.CREATIVE_AI,2,23,4,True
CARD.BUFFER,2,24,4,True
CARD.LOOP,2,28,4,True
CARD.CONSUMING_SHADOW,2,30,4,True
CARD.MACHINE_LEARNING,2,31,4,True
CARD.MODDED,2,33,4,True
CARD.METEOR_STRIKE,3,36,4,True
CARD.MACHINE_LEARNING,3,42,4,True
CARD.SHATTER,3,45,4,True
CARD.WHIRLWIND,1,2,4,False
CARD.INFERNO,1,4,4,False
CARD.SPOILS_MAP,1,5,4,False
CARD.MOLTEN_FIST,1,6,4,False
CARD.BURNING_PACT,1,2,4,False
CARD.BLOOD_WALL,1,3,4,False
CARD.POMMEL_STRIKE,1,2,4,False
CARD.INFLAME,1,3,4,False
CARD.MOLTEN_FIST,1,4,4,False
CARD.FIEND_FIRE,1,5,4,False
CARD.IRON_WAVE,1,6,4,False
CARD.IMPERVIOUS,1,7,4,False
CARD.UNMOVABLE,1,11,4,False
CARD.STOKE,1,12,4,False
CARD.BLOODLETTING,1,13,4,False
CARD.FEEL_NO_PAIN,1,14,4,False
CARD.STOKE,1,17,4,False
CARD.SECOND_WIND,2,19,4,False
CARD.METEOR_STRIKE,1,1,5,False
CARD.COOLHEADED,1,2,5,False
CARD.SKIM,1,4,5,False
CARD.CAPACITOR,1,6,5,False
CARD.LOOP,1,7,5,False
CARD.SHADOW_SHIELD,1,2,5,False
CARD.LIGHTNING_ROD,1,3,5,False
CARD.CHILL,1,4,5,False
CARD.SUPERCRITICAL,1,5,5,False
CARD.CLAW,1,5,5,False
CARD.SPINNER,1,6,5,False
CARD.TESLA_COIL,1,7,5,False
CARD.SUBROUTINE,1,8,5,False
CARD.BOOT_SEQUENCE,1,11,5,False
CARD.TURBO,1,13,5,False
CARD.GO_FOR_THE_EYES,1,14,5,False
CARD.BREAKTHROUGH,1,2,4,False
CARD.BLOOD_WALL,1,3,4,False
CARD.EVIL_EYE,1,5,4,False
CARD.UPPERCUT,1,6,4,False
CARD.SHRUG_IT_OFF,1,7,4,False
CARD.GUILTY,1,8,4,False
CARD.TAUNT,1,11,4,False
CARD.GREED,1,1,4,False
CARD.INFLAME,1,2,4,False
CARD.SHRUG_IT_OFF,1,4,4,False
CARD.MOLTEN_FIST,1,6,4,False
CARD.ARMAMENTS,1,7,4,False
CARD.STONE_ARMOR,1,8,4,False
CARD.OFFERING,1,9,4,False
CARD.FEEL_NO_PAIN,1,11,4,False
CARD.FLAME_BARRIER,1,15,4,False
CARD.NULL,1,1,5,False
CARD.CHARGE_BATTERY,1,2,5,False
CARD.SUBROUTINE,1,5,5,False
CARD.FOCUSED_STRIKE,1,7,5,False
CARD.HOTFIX,1,8,5,False
CARD.WHITE_NOISE,1,9,5,False
CARD.ITERATION,1,11,5,False
CARD.ICE_LANCE,1,12,5,False
CARD.HAILSTORM,1,14,5,False
CARD.REFRACT,1,15,5,False
CARD.METEOR_STRIKE,1,17,5,False
CARD.SUBROUTINE,2,19,5,False
CARD.THUNDER,2,19,5,False
CARD.EXTERMINATE,2,21,5,False
CARD.TURBO,2,22,5,False
CARD.SUPERCRITICAL,2,25,5,False
CARD.CHILL,2,28,5,False
CARD.SIGNAL_BOOST,2,31,5,False
CARD.UNTOUCHABLE,1,1,7,False
CARD.POISONED_STAB,1,1,7,False
CARD.FOOTWORK,1,1,7,False
CARD.ACROBATICS,1,2,7,False
CARD.BACKFLIP,1,4,7,False
CARD.ESCAPE_PLAN,1,5,7,False
CARD.FLICK_FLACK,1,8,7,False
CARD.GREED,1,12,7,False
CARD.EXPOSE,1,13,7,False
CARD.SPOILS_MAP,1,14,7,False
CARD.INFERNO,1,2,4,True
CARD.BLOODLETTING,1,3,4,True
CARD.PROLONG,1,4,4,True
CARD.CONFLAGRATION,1,6,4,True
CARD.TRUE_GRIT,1,8,4,True
CARD.BLUDGEON,1,11,4,True
CARD.INFLAME,1,14,4,True
CARD.CRIMSON_MANTLE,1,17,4,True
CARD.STAMPEDE,2,19,4,True
CARD.WHIRLWIND,2,19,4,True
CARD.SHRUG_IT_OFF,2,22,4,True
CARD.UNMOVABLE,2,23,4,True
CARD.MOLTEN_FIST,2,25,4,True
CARD.STONE_ARMOR,2,29,4,True
CARD.BRAND,2,33,4,True
CARD.PREP_TIME,3,36,4,True
CARD.BURNING_PACT,3,42,4,True
CARD.BULLY,3,44,4,True
CARD.SPITE,3,46,4,True
CARD.FOOTWORK,1,2,7,False
CARD.SNAKEBITE,1,3,7,False
CARD.SPEEDSTER,1,3,7,False
CARD.BACKFLIP,1,5,7,False
CARD.UNTOUCHABLE,1,6,7,False
CARD.DEFLECT,1,9,7,False
CARD.PIERCING_WAIL,1,13,7,False
CARD.FOOTWORK,1,14,7,False
CARD.SPEEDSTER,1,15,7,False
CARD.TOOLS_OF_THE_TRADE,1,17,7,False
CARD.ACROBATICS,2,19,7,False
CARD.EXPOSE,2,21,7,False
CARD.ESCAPE_PLAN,2,23,7,False
CARD.RAMPAGE,1,2,5,True
CARD.BYRDONIS_EGG,1,3,5,True
CARD.POMMEL_STRIKE,1,4,5,True
CARD.UPPERCUT,1,6,5,True
CARD.ONE_TWO_PUNCH,1,8,5,True
CARD.SHRUG_IT_OFF,1,11,5,True
CARD.EVIL_EYE,1,12,5,True
CARD.TRUE_GRIT,1,13,5,True
CARD.STONE_ARMOR,1,14,5,True
CARD.BLOOD_WALL,1,15,5,True
CARD.STOKE,1,17,5,True
CARD.ADRENALINE,2,18,5,True
CARD.PREPARED,2,18,5,True
CARD.ECHOING_SLASH,2,18,5,True
CARD.PRECISE_CUT,2,18,5,True
CARD.SHRUG_IT_OFF,2,20,5,True
CARD.STONE_ARMOR,2,20,5,True
CARD.UNMOVABLE,2,21,5,True
CARD.STAMPEDE,2,22,5,True
CARD.DRUM_OF_BATTLE,2,22,5,True
CARD.FEEL_NO_PAIN,2,24,5,True
CARD.DEMON_FORM,2,31,5,True
CARD.MANGLE,2,33,5,True
CARD.BLOODLETTING,3,36,5,True
CARD.PACTS_END,3,37,5,True
CARD.VICIOUS,3,38,5,True
CARD.BLUDGEON,3,42,5,True
CARD.FEEL_NO_PAIN,3,46,5,True
CARD.GREED,1,1,5,False
CARD.FUSION,1,2,5,False
CARD.SYNCHRONIZE,1,3,5,False
CARD.STORM,1,4,5,False
CARD.COLD_SNAP,1,4,5,False
CARD.TURBO,1,5,5,False
CARD.COOLHEADED,1,2,5,False
CARD.SYNCHRONIZE,1,4,5,False
CARD.GREED,1,5,5,False
CARD.LIGHTNING_ROD,1,6,5,False
CARD.SUBROUTINE,1,2,5,False
CARD.BULK_UP,1,3,5,False
CARD.SPINNER,1,4,5,False
CARD.CHARGE_BATTERY,1,5,5,False
CARD.TURBO,1,5,5,False
CARD.HAILSTORM,1,5,5,False
CARD.COMPACT,1,5,5,False
CARD.DARKNESS,1,7,5,False
CARD.GLACIER,1,9,5,False
CARD.HOTFIX,1,12,5,False
CARD.LOOP,1,13,5,False
CARD.SUNDER,1,14,5,False
CARD.DOUBLE_ENERGY,1,15,5,False
CARD.MACHINE_LEARNING,1,17,5,False
CARD.HAILSTORM,2,20,5,False
CARD.OVERCLOCK,2,20,5,False
CARD.DEFRAGMENT,2,21,5,False
CARD.LEAP,2,22,5,False
CARD.COOLANT,1,1,5,False
CARD.DOUBLE_ENERGY,1,2,5,False
CARD.BULK_UP,1,3,5,False
CARD.SUBROUTINE,1,4,5,False
CARD.SPOILS_MAP,1,6,5,False
CARD.WHITE_NOISE,1,8,5,False
CARD.GREED,1,1,5,False
CARD.SUNDER,1,2,5,False
CARD.BULK_UP,1,3,5,False
CARD.HOTFIX,1,3,5,False
CARD.HYPERBEAM,1,5,5,False
CARD.BEAM_CELL,1,6,5,False
CARD.HELLO_WORLD,1,8,5,False
CARD.DARKNESS,1,9,5,False
CARD.GENETIC_ALGORITHM,1,12,5,False
CARD.SUBROUTINE,1,13,5,False
CARD.LOOP,1,14,5,False
CARD.SKIM,1,15,5,False
CARD.PREP_TIME,1,1,5,False
CARD.CLAW,1,2,5,False
CARD.COLD_SNAP,1,3,5,False
CARD.LEAP,1,3,5,False
CARD.ITERATION,1,4,5,False
CARD.BEAM_CELL,1,5,5,False
CARD.TEMPEST,1,7,5,False
CARD.GUILTY,1,9,5,False
CARD.GO_FOR_THE_EYES,1,12,5,False
CARD.DOUBLE_ENERGY,1,14,5,False
CARD.RAINBOW,1,17,5,False
CARD.SHADOW_SHIELD,2,19,5,False
CARD.OVERCLOCK,2,20,5,False
CARD.STORM,2,21,5,False
CARD.COMPILE_DRIVER,2,22,5,False
CARD.COOLHEADED,2,23,5,False
CARD.HOTFIX,2,24,5,False
CARD.HOLOGRAM,2,28,5,False
CARD.SHATTER,2,30,5,False
CARD.SUPERCRITICAL,2,33,5,False
CARD.SKIM,3,35,5,False
CARD.COMPACT,3,36,5,False
CARD.CAPACITOR,3,46,5,False
CARD.ICE_LANCE,1,1,5,False
CARD.HOTFIX,1,2,5,False
CARD.SYNTHESIS,1,4,5,False
CARD.MOMENTUM_STRIKE,1,6,5,False
CARD.THUNDER,1,8,5,False
CARD.GUILTY,1,9,5,False
CARD.CHARGE_BATTERY,1,11,5,False
CARD.SUBROUTINE,1,13,5,False
CARD.SPOILS_MAP,1,14,5,False
CARD.ECHO_FORM,1,15,5,False
CARD.HELIX_DRILL,1,17,5,False
CARD.UNDEATH,2,22,5,False
CARD.COOLHEADED,2,23,5,False
CARD.BOOT_SEQUENCE,2,28,5,False
CARD.CHAOS,2,29,5,False
CARD.BULWARK,1,2,3,False
CARD.CLOAK_OF_STARS,1,4,3,False
CARD.SPOILS_MAP,1,5,3,False
CARD.STRATAGEM,1,1,3,False
CARD.PILLAR_OF_CREATION,1,2,3,False
CARD.BLACK_HOLE,1,3,3,False
CARD.QUASAR,1,5,3,False
CARD.COSMIC_INDIFFERENCE,1,6,3,False
CARD.PATTER,1,7,3,False
CARD.GLOW,1,9,3,False
CARD.ASTRAL_PULSE,1,2,3,False
CARD.SOLAR_STRIKE,1,5,3,False
CARD.RESONANCE,1,6,3,False
CARD.ORBIT,1,7,3,False
CARD.GUARDS,1,8,3,False
CARD.ROYAL_GAMBLE,1,11,3,False
CARD.SHINING_STRIKE,1,13,3,False
CARD.DECISIONS_DECISIONS,1,15,3,False
CARD.GENESIS,1,17,3,False
CARD.RESONANCE,2,19,3,False
CARD.RAINBOW,2,20,3,False
CARD.SKIM,2,20,3,False
CARD.GLOW,2,20,3,False
CARD.PATTER,1,2,3,False
CARD.CHARGE,1,3,3,False
CARD.SUMMON_FORTH,1,4,3,False
CARD.GLIMMER,1,4,3,False
CARD.KNOW_THY_PLACE,1,5,3,False
CARD.PARTICLE_WALL,1,9,3,False
CARD.DEVASTATE,1,11,3,False
CARD.FEEDING_FRENZY,1,14,3,False
CARD.CRUSH_UNDER,1,15,3,False
CARD.CRUSH_UNDER,1,2,3,False
CARD.COLLISION_COURSE,1,4,3,False
CARD.CHARGE,1,6,3,False
CARD.SPECTRUM_SHIFT,1,7,3,False
CARD.TYRANNY,1,9,3,False
CARD.GREED,1,12,3,False
CARD.PATTER,1,15,3,False
CARD.COMET,1,17,3,False
CARD.HIDDEN_CACHE,2,19,3,False
CARD.CLOAK_OF_STARS,2,20,3,False
CARD.DISCOVERY,1,1,3,False
CARD.GLOW,1,2,3,False
CARD.CRUSH_UNDER,1,3,3,False
CARD.BLACK_HOLE,1,7,3,False
CARD.REFLECT,1,8,3,False
CARD.ROYAL_GAMBLE,1,9,3,False
CARD.GAMMA_BLAST,1,12,3,False
CARD.FURNACE,1,14,3,False
CARD.GATHER_LIGHT,1,2,3,False
CARD.FURNACE,1,3,3,False
CARD.GLOW,1,4,3,False
CARD.SHINING_STRIKE,1,9,3,False
CARD.BEGONE,1,11,3,False
CARD.MONARCHS_GAZE,1,12,3,False
CARD.KINGLY_KICK,1,15,3,False
CARD.GREED,1,1,3,True
CARD.PILLAR_OF_CREATION,1,2,3,True
CARD.GLITTERSTREAM,1,3,3,True
CARD.GLIMMER,1,4,3,True
CARD.SPECTRUM_SHIFT,1,5,3,True
CARD.COLLISION_COURSE,1,5,3,True
CARD.ASTRAL_PULSE,1,6,3,True
CARD.KINGLY_KICK,1,8,3,True
CARD.BEGONE,1,13,3,True
CARD.ORBIT,1,14,3,True
CARD.SOLAR_STRIKE,1,15,3,True
CARD.TYRANNY,1,17,3,True
CARD.ORBIT,2,20,3,True
CARD.BOMBARDMENT,2,22,3,True
CARD.PALE_BLUE_DOT,2,28,3,True
CARD.ORBIT,2,30,3,True
CARD.BIG_BANG,2,33,3,True
CARD.FOLLY,3,34,3,True
CARD.CHARGE,3,35,3,True
CARD.ORBIT,3,46,3,True
CARD.MANIFEST_AUTHORITY,1,2,4,False
CARD.BLACK_HOLE,1,7,4,False
CARD.CONVERGENCE,1,8,4,False
CARD.PARTICLE_WALL,1,9,4,False
CARD.TYRANNY,1,17,4,False
CARD.HEIRLOOM_HAMMER,2,22,4,False
CARD.GLIMMER,2,23,4,False
CARD.HEGEMONY,2,24,4,False
CARD.VOID_FORM,2,33,4,False
CARD.DOUBT,3,36,4,False
CARD.COSMIC_INDIFFERENCE,3,36,4,False
CARD.ORBIT,3,38,4,False
CARD.PATTER,3,40,4,False
CARD.GATHER_LIGHT,3,43,4,False
CARD.GLITTERSTREAM,1,2,4,False
CARD.SPOILS_MAP,1,3,4,False
CARD.CRESCENT_SPEAR,1,4,4,False
CARD.HIDDEN_CACHE,1,5,4,False
CARD.PARTICLE_WALL,1,7,4,False
CARD.HEGEMONY,1,2,4,False
CARD.CLOAK_OF_STARS,1,3,4,False
CARD.PATTER,1,5,4,False
CARD.BEGONE,1,6,4,False
CARD.HIDDEN_CACHE,1,8,4,False
CARD.CRASH_LANDING,1,13,4,False
CARD.GLOW,1,14,4,False
CARD.CHARGE,1,15,4,False
CARD.SHINING_STRIKE,1,2,4,False
CARD.HEGEMONY,1,5,4,False
CARD.GLIMMER,1,6,4,False
CARD.ASTRAL_PULSE,1,8,4,False
CARD.SEEKING_EDGE,1,9,4,False
CARD.PATTER,1,11,4,False
CARD.MANIFEST_AUTHORITY,1,12,4,False
CARD.MAKE_IT_SO,1,14,4,False
CARD.CHILD_OF_THE_STARS,1,15,4,False
CARD.HEAVENLY_DRILL,1,17,4,False
CARD.CLOAK_OF_STARS,2,19,4,False
CARD.ENLIGHTENMENT,2,21,4,False
CARD.ENLIGHTENMENT,2,21,4,False
CARD.PULL_FROM_BELOW,1,2,4,True
CARD.GRAVE_WARDEN,1,3,4,True
CARD.CLUMSY,1,4,4,True
CARD.DEATHBRINGER,1,5,4,True
CARD.INVOKE,1,8,4,True
CARD.LETHALITY,1,11,4,True
CARD.DEBILITATE,1,12,4,True
CARD.DEMESNE,1,17,4,True
CARD.HIGH_FIVE,2,19,4,True
CARD.DEFY,2,20,4,True
CARD.WISP,2,20,4,True
CARD.COUNTDOWN,2,21,4,True
CARD.BODY_SLAM,2,23,4,True
CARD.BURNING_PACT,2,23,4,True
CARD.PUTREFY,2,30,4,True
CARD.VEILPIERCER,2,31,4,True
CARD.REAPER_FORM,2,33,4,True
CARD.DEFY,3,39,4,True
CARD.NO_ESCAPE,3,46,4,True
CARD.GATHER_LIGHT,1,2,4,True
CARD.REFLECT,1,4,4,True
CARD.PARTICLE_WALL,1,5,4,True
CARD.KNOW_THY_PLACE,1,7,4,True
CARD.SUMMON_FORTH,1,14,4,True
CARD.MANIFEST_AUTHORITY,1,15,4,True
CARD.ORBIT,1,15,4,True
CARD.BOMBARDMENT,1,17,4,True
CARD.GLOW,2,19,4,True
CARD.PARRY,2,20,4,True
CARD.SPECTRUM_SHIFT,2,22,4,True
CARD.VOID_FORM,2,29,4,True
CARD.DECAY,2,30,4,True
CARD.BIG_BANG,2,33,4,True
CARD.DEBT,3,34,4,True
CARD.DOUBT,3,34,4,True
CARD.WISH,3,34,4,True
CARD.WISH,3,34,4,True
CARD.WISH,3,34,4,True
CARD.GAMMA_BLAST,3,35,4,True
CARD.CHILD_OF_THE_STARS,3,36,4,True
CARD.QUASAR,3,39,4,True
CARD.MAD_SCIENCE,3,42,4,True
CARD.PURITY,3,43,4,True
CARD.CONVERGENCE,3,45,4,True
CARD.PILLAGE,1,2,6,False
CARD.SETUP_STRIKE,1,4,6,False
CARD.STOMP,1,6,6,False
CARD.WHITE_NOISE,1,2,5,False
CARD.LEAP,1,3,5,False
CARD.HOTFIX,1,4,5,False
CARD.CHARGE_BATTERY,1,6,5,False
CARD.LOOP,1,6,5,False
CARD.SUNDER,1,7,5,False
CARD.GO_FOR_THE_EYES,1,8,5,False
CARD.LIGHTNING_ROD,1,12,5,False
CARD.CLUMSY,1,13,5,False
CARD.COOLHEADED,1,14,5,False
CARD.GLACIER,1,15,5,False
CARD.SIGNAL_BOOST,1,17,5,False
CARD.GO_FOR_THE_EYES,2,19,5,False
CARD.TURBO,2,20,5,False
CARD.FOCUSED_STRIKE,2,20,5,False
CARD.GREED,1,1,5,False
CARD.SHINING_STRIKE,1,2,5,False
CARD.BULWARK,1,3,5,False
CARD.CONVERGENCE,1,4,5,False
CARD.BYRDONIS_EGG,1,5,5,False
CARD.PALE_BLUE_DOT,1,6,5,False
CARD.CHILD_OF_THE_STARS,1,7,5,False
CARD.PATTER,1,11,5,False
CARD.STARDUST,1,13,5,False
CARD.CHARGE,1,14,5,False
CARD.REFLECT,1,15,5,False
CARD.DECISIONS_DECISIONS,1,17,5,False
CARD.KINGLY_KICK,2,19,5,False
CARD.GLOW,2,20,5,False
CARD.STRATAGEM,2,20,5,False
CARD.FURNACE,2,22,5,False
CARD.GATHER_LIGHT,2,25,5,False
CARD.KNOW_THY_PLACE,2,29,5,False
CARD.PARTICLE_WALL,2,30,5,False
CARD.SPECTRUM_SHIFT,2,31,5,False
CARD.GREED,1,1,5,False
CARD.LETHALITY,1,2,5,False
CARD.CALL_OF_THE_VOID,1,3,5,False
CARD.DEMESNE,1,5,5,False
CARD.PULL_AGGRO,1,6,5,False
CARD.AFTERLIFE,1,6,5,False
CARD.NEGATIVE_PULSE,1,8,5,False
CARD.SNAP,1,9,5,False
CARD.HANG,1,11,5,False
CARD.BONE_SHARDS,1,14,5,False
CARD.WISP,1,15,5,False
CARD.SENTRY_MODE,1,17,5,False
CARD.DEATHS_DOOR,2,19,5,False
CARD.PUTREFY,2,23,5,False
CARD.INFERNO,1,2,6,True
CARD.FLAME_BARRIER,1,3,6,True
CARD.TRUE_GRIT,1,4,6,True
CARD.BLUDGEON,1,5,6,True
CARD.BLOODLETTING,1,6,6,True
CARD.TAUNT,1,7,6,True
CARD.INFLAME,1,8,6,True
CARD.OFFERING,1,14,6,True
CARD.CONFLAGRATION,1,17,6,True
CARD.FLAME_BARRIER,2,21,6,True
CARD.COLOSSUS,2,22,6,True
CARD.FEEL_NO_PAIN,2,22,6,True
CARD.IMPERVIOUS,2,23,6,True
CARD.BATTLE_TRANCE,2,25,6,True
CARD.HELLRAISER,2,28,6,True
CARD.POMMEL_STRIKE,2,31,6,True
CARD.BARRICADE,2,33,6,True
CARD.BODY_SLAM,3,36,6,True
CARD.COLOSSUS,3,45,6,True
CARD.ONE_TWO_PUNCH,3,46,6,True
CARD.FOCUSED_STRIKE,1,2,5,False
CARD.GREED,1,3,5,False
CARD.COOLHEADED,1,4,5,False
CARD.LEAP,1,5,5,False
CARD.MACHINE_LEARNING,1,5,5,False
CARD.HOLOGRAM,1,7,5,False
CARD.SUBROUTINE,1,8,5,False
CARD.SYNCHRONIZE,1,13,5,False
CARD.CHARGE_BATTERY,1,13,5,False
CARD.FIGHT_THROUGH,1,14,5,False
CARD.PHANTOM_BLADES,1,1,7,False
CARD.BACKSTAB,1,2,7,False
CARD.ACROBATICS,1,3,7,False
CARD.ACROBATICS,1,4,7,False
CARD.UP_MY_SLEEVE,1,5,7,False
CARD.GREED,1,6,7,False
CARD.EXPOSE,1,2,7,False
CARD.PIERCING_WAIL,1,3,7,False
CARD.BACKSTAB,1,5,7,False
CARD.NIGHTMARE,1,7,7,False
CARD.BLUR,1,12,7,False
CARD.ESCAPE_PLAN,1,15,7,False
CARD.ULTIMATE_DEFEND,1,1,5,False
CARD.PATTER,1,2,5,False
CARD.MANIFEST_AUTHORITY,1,3,5,False
CARD.BOMBARDMENT,1,4,5,False
CARD.BEGONE,1,5,5,False
CARD.GLOW,1,7,5,False
CARD.BLACK_HOLE,1,8,5,False
CARD.BIG_BANG,1,12,5,False
CARD.GATHER_LIGHT,1,14,5,False
CARD.GENESIS,1,17,5,False
CARD.BIG_BANG,2,19,5,False
CARD.MANIFEST_AUTHORITY,2,19,5,False
CARD.GLOW,2,20,5,False
CARD.PARRY,2,20,5,False
CARD.GATHER_LIGHT,2,21,5,False
CARD.THUNDER,1,2,5,True
CARD.SPOILS_MAP,1,3,5,True
CARD.SYNCHRONIZE,1,4,5,True
CARD.CHARGE_BATTERY,1,5,5,True
CARD.HELIX_DRILL,1,6,5,True
CARD.DARKNESS,1,7,5,True
CARD.LIGHTNING_ROD,1,8,5,True
CARD.NULL,1,11,5,True
CARD.DOUBLE_ENERGY,1,15,5,True
CARD.VOLTAIC,1,17,5,True
CARD.SHADOW_SHIELD,2,19,5,True
CARD.TESLA_COIL,2,22,5,True
CARD.LOOP,2,23,5,True
CARD.COOLHEADED,2,25,5,True
CARD.GO_FOR_THE_EYES,2,27,5,True
CARD.COMPACT,2,29,5,True
CARD.BOOT_SEQUENCE,2,30,5,True
CARD.SUBROUTINE,2,31,5,True
CARD.ECHO_FORM,2,33,5,True
CARD.HOTFIX,3,36,5,True
CARD.SUBROUTINE,3,36,5,True
CARD.DECAY,3,37,5,True
CARD.DOUBT,3,38,5,True
CARD.SHATTER,3,39,5,True
CARD.ASTRAL_PULSE,1,2,5,False
CARD.RADIATE,1,3,5,False
CARD.SEEKING_EDGE,1,4,5,False
CARD.GLOW,1,5,5,False
CARD.SOLAR_STRIKE,1,11,5,False
CARD.BEGONE,1,12,5,False
CARD.GLITTERSTREAM,1,14,5,False
CARD.BOMBARDMENT,1,15,5,False
CARD.TYRANNY,1,17,5,False
CARD.CLOAK_OF_STARS,2,20,5,False
CARD.COSMIC_INDIFFERENCE,2,20,5,False
CARD.PARTICLE_WALL,2,22,5,False
CARD.HEAVENLY_DRILL,2,25,5,False
CARD.ROYAL_GAMBLE,2,29,5,False
CARD.PRODUCTION,2,30,5,False
CARD.PATTER,1,2,5,False
CARD.SPOILS_MAP,1,4,5,False
CARD.GLOW,1,5,5,False
CARD.SUMMON_FORTH,1,6,5,False
CARD.THE_SMITH,1,8,5,False
CARD.GLIMMER,1,9,5,False
CARD.BURNING_PACT,1,2,7,False
CARD.CLUMSY,1,3,7,False
CARD.MOLTEN_FIST,1,4,7,False
CARD.BLUDGEON,1,5,7,False
CARD.TRUE_GRIT,1,6,7,False
CARD.FIGHT_ME,1,8,7,False
CARD.RAMPAGE,1,11,7,False
CARD.MAKE_IT_SO,1,1,5,False
CARD.INJURY,1,1,5,False
CARD.ALIGNMENT,1,2,5,False
CARD.GLITTERSTREAM,1,3,5,False
CARD.CLUMSY,1,4,5,False
CARD.GLOW,1,6,5,False
CARD.I_AM_INVINCIBLE,1,7,5,False
CARD.ORBIT,1,8,5,False
CARD.BEGONE,1,12,5,False
CARD.COSMIC_INDIFFERENCE,1,15,5,False
CARD.KINGLY_KICK,2,19,5,False
CARD.KNOW_THY_PLACE,2,21,5,False
CARD.CHILD_OF_THE_STARS,2,22,5,False
CARD.PATTER,1,2,5,False
CARD.GREED,1,3,5,False
CARD.GATHER_LIGHT,1,4,5,False
CARD.GLOW,1,6,5,False
CARD.BYRDONIS_EGG,1,4,5,False
CARD.PATTER,1,5,5,False
CARD.SPECTRUM_SHIFT,1,6,5,False
CARD.GAMMA_BLAST,1,8,5,False
CARD.FURNACE,1,11,5,False
CARD.GLOW,1,14,5,False
CARD.PARTICLE_WALL,1,15,5,False
CARD.BOMBARDMENT,1,17,5,False
CARD.MANIFEST_AUTHORITY,2,19,5,False
CARD.CHILD_OF_THE_STARS,2,21,5,False
CARD.FURNACE,2,22,5,False
CARD.I_AM_INVINCIBLE,2,23,5,False
CARD.CHILD_OF_THE_STARS,2,25,5,False
CARD.BLACK_HOLE,2,29,5,False
CARD.SEEKING_EDGE,2,30,5,False
CARD.GATHER_LIGHT,2,31,5,False
CARD.SWORD_SAGE,2,33,5,False
CARD.GLITTERSTREAM,3,35,5,False
CARD.VOID_FORM,3,36,5,False
CARD.TOOLS_OF_THE_TRADE,1,1,7,False
CARD.PIERCING_WAIL,1,2,7,False
CARD.GUILTY,1,3,7,False
CARD.UNTOUCHABLE,1,4,7,False
CARD.BUBBLE_BUBBLE,1,5,7,False
CARD.DEADLY_POISON,1,6,7,False
CARD.SNAKEBITE,1,7,7,False
CARD.BACKFLIP,1,8,7,False
CARD.CALCULATED_GAMBLE,1,11,7,False
CARD.GUILTY,1,1,5,False
CARD.PATTER,1,2,5,False
CARD.GLITTERSTREAM,1,3,5,False
CARD.SPOILS_MAP,1,4,5,False
CARD.GATHER_LIGHT,1,8,5,False
CARD.BEGONE,1,9,5,False
CARD.ASTRAL_PULSE,1,11,5,False
CARD.COMET,1,12,5,False
CARD.SEEKING_EDGE,1,17,5,False
CARD.ADRENALINE,2,18,5,False
CARD.ECHOING_SLASH,2,18,5,False
CARD.BIG_BANG,2,19,5,False
CARD.PARTICLE_WALL,2,22,5,False
CARD.PARTICLE_WALL,2,22,5,False
CARD.ORBIT,2,23,5,False
CARD.ORBIT,2,23,5,False
CARD.GREED,1,1,7,True
CARD.HOWL_FROM_BEYOND,1,2,7,True
CARD.BLOOD_WALL,1,3,7,True
CARD.FEEL_NO_PAIN,1,5,7,True
CARD.ARMAMENTS,1,5,7,True
CARD.COLOSSUS,1,6,7,True
CARD.PRIMAL_FORCE,1,7,7,True
CARD.BATTLE_TRANCE,1,9,7,True
CARD.SHRUG_IT_OFF,1,14,7,True
CARD.INFERNO,1,15,7,True
CARD.JUGGERNAUT,1,17,7,True
CARD.CORRUPTION,2,18,7,True
CARD.BLOODLETTING,2,19,7,True
CARD.COLOSSUS,2,21,7,True
CARD.FLAME_BARRIER,2,22,7,True
CARD.TRUE_GRIT,2,23,7,True
CARD.COLOSSUS,2,23,7,True
CARD.SHRUG_IT_OFF,2,25,7,True
CARD.ARMAMENTS,2,28,7,True
CARD.ONE_TWO_PUNCH,2,28,7,True
CARD.EVIL_EYE,2,30,7,True
CARD.TREMBLE,2,31,7,True
CARD.PACTS_END,2,33,7,True
CARD.FEEL_NO_PAIN,3,37,7,True
CARD.STAMPEDE,3,44,7,True
CARD.DOMINATE,3,45,7,True
CARD.DODGE_AND_ROLL,1,2,7,True
CARD.OUTBREAK,1,3,7,True
CARD.DEADLY_POISON,1,5,7,True
CARD.PIERCING_WAIL,1,11,7,True
CARD.ACCELERANT,1,13,7,True
CARD.FAN_OF_KNIVES,1,17,7,True
CARD.WRAITH_FORM,2,18,7,True
CARD.BLUR,2,19,7,True
CARD.EXPOSE,2,20,7,True
CARD.LEG_SWEEP,2,21,7,True
CARD.FOOTWORK,2,21,7,True
CARD.DECAY,2,22,7,True
CARD.CLOAK_AND_DAGGER,2,24,7,True
CARD.BOUNCING_FLASK,2,25,7,True
CARD.NOXIOUS_FUMES,2,28,7,True
CARD.PHANTOM_BLADES,2,31,7,True
CARD.ENVENOM,2,33,7,True
CARD.MAD_SCIENCE,3,38,7,True
CARD.NOXIOUS_FUMES,3,45,7,True
CARD.PATTER,1,2,5,True
CARD.COLLISION_COURSE,1,3,5,True
CARD.SPECTRUM_SHIFT,1,5,5,True
CARD.CALTROPS,1,6,5,True
CARD.BULWARK,1,7,5,True
CARD.GLOW,1,9,5,True
CARD.BEAT_INTO_SHAPE,1,11,5,True
CARD.GAMMA_BLAST,1,13,5,True
CARD.KNOW_THY_PLACE,1,14,5,True
CARD.GATHER_LIGHT,1,14,5,True
CARD.COSMIC_INDIFFERENCE,1,15,5,True
CARD.SEEKING_EDGE,1,17,5,True
CARD.I_AM_INVINCIBLE,2,20,5,True
CARD.CHILD_OF_THE_STARS,2,21,5,True
CARD.DEBT,2,22,5,True
CARD.BOMBARDMENT,2,23,5,True
CARD.CHARGE,2,28,5,True
CARD.NEUTRON_AEGIS,2,31,5,True
CARD.SWORD_SAGE,2,33,5,True
CARD.GATHER_LIGHT,3,35,5,True
CARD.DOUBT,3,36,5,True
CARD.BIG_BANG,3,42,5,True
CARD.MAD_SCIENCE,3,46,5,True
CARD.PUTREFY,1,2,5,False
CARD.FETCH,1,5,5,False
CARD.DIRGE,1,7,5,False
CARD.ENFEEBLING_TOUCH,1,2,5,False
CARD.HAUNT,1,4,5,False
CARD.REAP,1,5,5,False
CARD.WISP,1,7,5,False
CARD.NEGATIVE_PULSE,1,8,5,False
CARD.ONE_TWO_PUNCH,1,1,8,False
CARD.TAUNT,1,2,8,False
CARD.DRUM_OF_BATTLE,1,4,8,False
CARD.FEEL_NO_PAIN,1,5,8,False
CARD.SHRUG_IT_OFF,1,6,8,False
CARD.VICIOUS,1,6,8,False
CARD.FORGOTTEN_RITUAL,1,7,8,False
CARD.EVIL_EYE,1,8,8,False
CARD.FIGHT_THROUGH,1,2,6,False
CARD.SUBROUTINE,1,3,6,False
CARD.GUILTY,1,4,6,False
CARD.LEAP,1,6,6,False
CARD.GO_FOR_THE_EYES,1,7,6,False
CARD.FERAL,1,8,6,False
CARD.SKIM,1,12,6,False
CARD.MACHINE_LEARNING,1,14,6,False
CARD.SPOILS_MAP,1,15,6,False
CARD.GREED,1,1,6,False
CARD.PATTER,1,2,6,False
CARD.VOID_FORM,1,4,6,False
CARD.CHARGE,1,5,6,False
CARD.GENESIS,1,6,6,False
CARD.SEVEN_STARS,1,6,6,False
CARD.SPECTRUM_SHIFT,1,7,6,False
CARD.KNOW_THY_PLACE,1,9,6,False
CARD.REFRACT,1,2,6,True
CARD.SUBROUTINE,1,5,6,True
CARD.LIGHTNING_ROD,1,6,6,True
CARD.ITERATION,1,7,6,True
CARD.SHADOW_SHIELD,1,8,6,True
CARD.DOUBLE_ENERGY,1,9,6,True
CARD.NULL,1,11,6,True
CARD.REBOOT,1,14,6,True
CARD.LOOP,1,15,6,True
CARD.ECHO_FORM,1,17,6,True
CARD.BOOST_AWAY,2,19,6,True
CARD.HOTFIX,2,20,6,True
CARD.BUFFER,2,22,6,True
CARD.CHARGE_BATTERY,2,24,6,True
CARD.DEFRAGMENT,2,28,6,True
CARD.SIGNAL_BOOST,2,33,6,True
CARD.GLACIER,3,36,6,True
CARD.COOLHEADED,3,38,6,True
CARD.GLACIER,3,45,6,True
CARD.THUNDER,3,46,6,True
CARD.FASTEN,1,1,7,True
CARD.LEAP,1,2,7,True
CARD.GLASSWORK,1,4,7,True
CARD.SPINNER,1,5,7,True
CARD.ITERATION,1,6,7,True
CARD.SIGNAL_BOOST,1,8,7,True
CARD.GO_FOR_THE_EYES,1,11,7,True
CARD.HOTFIX,1,11,7,True
CARD.NULL,1,12,7,True
CARD.BULK_UP,1,14,7,True
CARD.COOLHEADED,1,14,7,True
CARD.SMOKESTACK,1,15,7,True
CARD.MODDED,1,17,7,True
CARD.BRIGHTEST_FLAME,2,18,7,True
CARD.SMOKESTACK,2,19,7,True
CARD.CAPACITOR,2,19,7,True
CARD.DARKNESS,2,23,7,True
CARD.FIGHT_THROUGH,2,27,7,True
CARD.STORM,2,30,7,True
CARD.CREATIVE_AI,2,33,7,True
CARD.FERAL,3,35,7,True
CARD.CLAW,3,39,7,True
CARD.COMPACT,3,43,7,True
CARD.SOW,1,2,5,False
CARD.DEBILITATE,1,3,5,False
CARD.GRAVEBLAST,1,5,5,False
CARD.UNDEATH,1,6,5,False
CARD.BYRDONIS_EGG,1,7,5,False
CARD.WISP,1,8,5,False
CARD.LETHALITY,1,11,5,False
CARD.NEUROSURGE,1,12,5,False
CARD.SPOILS_MAP,1,14,5,False
CARD.CLUMSY,1,15,5,False
CARD.BONE_SHARDS,1,2,5,True
CARD.NEGATIVE_PULSE,1,3,5,True
CARD.DIRGE,1,4,5,True
CARD.FETCH,1,8,5,True
CARD.PULL_FROM_BELOW,1,12,5,True
CARD.DEFY,1,13,5,True
CARD.LETHALITY,1,15,5,True
CARD.SPIRIT_OF_ASH,1,17,5,True
CARD.NO_ESCAPE,2,19,5,True
CARD.WISP,2,20,5,True
CARD.END_OF_DAYS,2,25,5,True
CARD.END_OF_DAYS,2,25,5,True
CARD.DEATHS_DOOR,2,27,5,True
CARD.DEATHS_DOOR,2,27,5,True
CARD.SLEIGHT_OF_FLESH,2,29,5,True
CARD.SLEIGHT_OF_FLESH,2,29,5,True
CARD.SPUR,2,30,5,True
CARD.SPUR,2,30,5,True
CARD.DANSE_MACABRE,2,31,5,True
CARD.DANSE_MACABRE,2,31,5,True
CARD.HANG,2,33,5,True
CARD.HANG,2,33,5,True
CARD.DEFY,3,36,5,True
CARD.DEFY,3,36,5,True
CARD.INVOKE,3,45,5,True
CARD.INVOKE,3,45,5,True
CARD.VICIOUS,1,2,8,False
CARD.RUPTURE,1,4,8,False
CARD.BLOOD_WALL,1,5,8,False
CARD.BLOODLETTING,1,6,8,False
CARD.PRIMAL_FORCE,1,9,8,False
CARD.INFERNO,1,12,8,False
CARD.OFFERING,1,13,8,False
CARD.TREMBLE,1,13,8,False
CARD.SOW,1,2,6,False
CARD.NO_ESCAPE,1,4,6,False
CARD.DEFY,1,6,6,False
CARD.INVOKE,1,8,6,False
CARD.MELANCHOLY,1,9,6,False
CARD.SEVERANCE,1,12,6,False
CARD.DEVOUR_LIFE,1,17,6,False
CARD.BRIGHTEST_FLAME,2,18,6,False
CARD.NEGATIVE_PULSE,2,19,6,False
CARD.DEATHS_DOOR,2,23,6,False
CARD.END_OF_DAYS,2,28,6,False
CARD.ENFEEBLING_TOUCH,2,30,6,False
CARD.WISP,2,31,6,False
CARD.HANG,2,33,6,False
CARD.HAUNT,3,36,6,False
CARD.DECAY,3,37,6,False
CARD.REGRET,3,42,6,False
CARD.PULL_FROM_BELOW,3,45,6,False
CARD.INVOKE,1,2,6,False
CARD.DEFY,1,3,6,False
CARD.PULL_FROM_BELOW,1,4,6,False
CARD.PUTREFY,1,6,6,False
CARD.DEFY,1,7,6,False
CARD.TIMES_UP,1,12,6,False
CARD.MISERY,1,17,6,False
CARD.COUNTDOWN,2,19,6,False
CARD.SQUASH,2,20,6,False
CARD.NEGATIVE_PULSE,2,23,6,False
CARD.KNOW_THY_PLACE,1,1,6,False
CARD.CRUSH_UNDER,1,3,6,False
CARD.ASTRAL_PULSE,1,4,6,False
CARD.STARDUST,1,6,6,False
CARD.BULWARK,1,11,6,False
CARD.COMET,1,12,6,False
CARD.CHARGE,1,14,6,False
CARD.CHILD_OF_THE_STARS,1,14,6,False
CARD.SOLAR_STRIKE,1,15,6,False
CARD.VOID_FORM,1,17,6,False
CARD.ROYAL_GAMBLE,2,19,6,False
CARD.CHILD_OF_THE_STARS,2,20,6,False
CARD.BLACK_HOLE,2,20,6,False
CARD.GLOW,2,21,6,False
CARD.GLITTERSTREAM,2,21,6,False
CARD.ROYAL_GAMBLE,2,23,6,False
CARD.BLACK_HOLE,2,24,6,False
CARD.TYRANNY,2,28,6,False
CARD.BEGONE,1,2,6,False
CARD.KINGLY_KICK,1,3,6,False
CARD.REFLECT,1,5,6,False
CARD.CLUMSY,1,6,6,False
CARD.SEEKING_EDGE,1,7,6,False
CARD.STARDUST,1,8,6,False
CARD.GLITTERSTREAM,1,11,6,False
CARD.SHINING_STRIKE,1,13,6,False
CARD.ROYAL_GAMBLE,1,14,6,False
CARD.ROYALTIES,1,17,6,False
CARD.COLLISION_COURSE,2,19,6,False
CARD.ROYAL_GAMBLE,2,20,6,False
CARD.CHARGE,2,20,6,False
CARD.SPECTRUM_SHIFT,2,22,6,False
CARD.BEAT_INTO_SHAPE,2,22,6,False
CARD.PILLAR_OF_CREATION,2,23,6,False
CARD.GATHER_LIGHT,2,27,6,False
CARD.PARRY,2,31,6,False
CARD.ARSENAL,2,33,6,False
CARD.APOTHEOSIS,3,34,6,False
CARD.PARTICLE_WALL,3,35,6,False
CARD.DYING_STAR,3,38,6,False
CARD.ORBIT,3,38,6,False
CARD.SUPERMASSIVE,3,42,6,False
CARD.GRAVE_WARDEN,1,2,6,True
CARD.INVOKE,1,4,6,True
CARD.SOW,1,5,6,True
CARD.DEATHBRINGER,1,8,6,True
CARD.LETHALITY,1,11,6,True
CARD.SNAP,1,14,6,True
CARD.SPIRIT_OF_ASH,1,17,6,True
CARD.DEATHBRINGER,2,19,6,True
CARD.WISP,2,19,6,True
CARD.NEGATIVE_PULSE,2,21,6,True
CARD.PARSE,2,28,6,True
CARD.CALL_OF_THE_VOID,2,33,6,True
CARD.POKE,3,36,6,True
CARD.TRANSFIGURE,3,45,6,True
CARD.NEOWS_FURY,1,1,7,False
CARD.DEATHBRINGER,1,2,7,False
CARD.SOW,1,5,7,False
CARD.SNAP,1,6,7,False
CARD.MELANCHOLY,1,7,7,False
CARD.NECRO_MASTERY,1,14,7,False
CARD.DEVOUR_LIFE,1,17,7,False
CARD.FORBIDDEN_GRIMOIRE,2,18,7,False
CARD.DIRGE,2,19,7,False
CARD.DEFY,2,20,7,False
CARD.DELAY,2,21,7,False
CARD.ULTIMATE_DEFEND,1,1,8,False
CARD.TREMBLE,1,2,8,False
CARD.EVIL_EYE,1,3,8,False
CARD.TRUE_GRIT,1,4,8,False
CARD.BLOODLETTING,1,4,8,False
CARD.COLOSSUS,1,5,8,False
CARD.BURNING_PACT,1,7,8,False
CARD.WHIRLWIND,1,9,8,False
CARD.PACTS_END,1,12,8,False
CARD.INFLAME,1,14,8,False
CARD.BULWARK,1,2,6,False
CARD.ASTRAL_PULSE,1,3,6,False
CARD.COLLISION_COURSE,1,4,6,False
CARD.PURITY,1,6,6,False
CARD.FURNACE,1,7,6,False
CARD.CLUMSY,1,9,6,False
CARD.PATTER,1,13,6,False
CARD.CONQUEROR,1,14,6,False
CARD.CRASH_LANDING,1,15,6,False
CARD.SEEKING_EDGE,1,17,6,False
CARD.CLOAK_OF_STARS,2,20,6,False
CARD.GLITTERSTREAM,2,21,6,False
CARD.CHARGE,2,22,6,False
CARD.REFLECT,2,24,6,False
CARD.SUMMON_FORTH,1,2,6,False
CARD.MANIFEST_AUTHORITY,1,3,6,False
CARD.GAMMA_BLAST,1,6,6,False
CARD.BEGONE,1,7,6,False
CARD.SPOILS_MAP,1,9,6,False
CARD.PARRY,1,12,6,False
CARD.PATTER,1,14,6,False
CARD.CONQUEROR,1,15,6,False
CARD.NEUTRON_AEGIS,1,17,6,False
CARD.GAMMA_BLAST,2,19,6,False
CARD.CHILD_OF_THE_STARS,2,20,6,False
CARD.PUTREFY,2,21,6,False
CARD.GATHER_LIGHT,2,22,6,False
CARD.GLITTERSTREAM,2,23,6,False
CARD.FURNACE,2,24,6,False
CARD.CHILD_OF_THE_STARS,2,28,6,False
CARD.BEAT_INTO_SHAPE,2,30,6,False
CARD.BIG_BANG,2,33,6,False
CARD.PARTICLE_WALL,3,37,6,False
CARD.FINESSE,3,37,6,False
CARD.CLUMSY,3,40,6,False
CARD.GLOW,3,45,6,False
CARD.OFFERING,1,1,8,False
CARD.INJURY,1,1,8,False
CARD.SECOND_WIND,1,4,8,False
CARD.BULLY,1,5,8,False
CARD.BLOOD_WALL,1,6,8,False
CARD.GATHER_LIGHT,1,2,6,False
CARD.SPOILS_MAP,1,3,6,False
CARD.SHINING_STRIKE,1,4,6,False
CARD.REFLECT,1,5,6,False
CARD.BEGONE,1,6,6,False
CARD.CONVERGENCE,1,7,6,False
CARD.CHARGE,1,8,6,False
CARD.FOREGONE_CONCLUSION,1,9,6,False
CARD.GUIDING_STAR,1,12,6,False
CARD.CHILD_OF_THE_STARS,1,14,6,False
CARD.DEMON_FORM,1,1,8,False
CARD.INJURY,1,1,8,False
CARD.GREED,1,1,8,False
CARD.DOUBT,1,1,8,False
CARD.COLOSSUS,1,2,8,False
CARD.DRUM_OF_BATTLE,1,3,8,False
CARD.MOLTEN_FIST,1,6,8,False
CARD.BOMBARDMENT,1,1,6,True
CARD.SHINING_STRIKE,1,2,6,True
CARD.GATHER_LIGHT,1,3,6,True
CARD.CONVERGENCE,1,4,6,True
CARD.SPECTRUM_SHIFT,1,6,6,True
CARD.GENESIS,1,7,6,True
CARD.SEEKING_EDGE,1,9,6,True
CARD.REFLECT,1,13,6,True
CARD.GLOW,1,14,6,True
CARD.CLOAK_OF_STARS,1,14,6,True
CARD.NEUTRON_AEGIS,1,17,6,True
CARD.PARRY,2,19,6,True
CARD.CLUMSY,2,21,6,True
CARD.SHINING_STRIKE,2,23,6,True
CARD.ALIGNMENT,2,23,6,True
CARD.PARTICLE_WALL,2,27,6,True
CARD.GUARDS,2,28,6,True
CARD.PILLAR_OF_CREATION,2,30,6,True
CARD.SWORD_SAGE,2,33,6,True
CARD.FURNACE,3,35,6,True
CARD.CHILD_OF_THE_STARS,3,36,6,True
CARD.CHILD_OF_THE_STARS,3,43,6,True
CARD.ORBIT,1,2,7,True
CARD.GREED,1,4,7,True
CARD.CHARGE,1,5,7,True
CARD.RESONANCE,1,6,7,True
CARD.GATHER_LIGHT,1,7,7,True
CARD.GENESIS,1,8,7,True
CARD.STARDUST,1,11,7,True
CARD.KNOW_THY_PLACE,1,13,7,True
CARD.DECISIONS_DECISIONS,1,14,7,True
CARD.SWORD_SAGE,1,17,7,True
CARD.EXTERMINATE,2,20,7,True
CARD.PATTER,2,23,7,True
CARD.BLACK_HOLE,2,24,7,True
CARD.REFLECT,2,25,7,True
CARD.CONQUEROR,2,28,7,True
CARD.GLIMMER,2,32,7,True
CARD.BEAT_INTO_SHAPE,2,33,7,True
CARD.COSMIC_INDIFFERENCE,3,38,7,True
CARD.DOUBT,3,43,7,True
CARD.HEGEMONY,3,47,7,True
CARD.FLASH_OF_STEEL,1,1,7,True
CARD.NO_ESCAPE,1,2,7,True
CARD.NEGATIVE_PULSE,1,6,7,True
CARD.DIRGE,1,11,7,True
CARD.MISERY,1,17,7,True
CARD.DEBILITATE,2,19,7,True
CARD.SPLASH,2,21,7,True
CARD.WISP,2,23,7,True
CARD.DREDGE,2,28,7,True
CARD.CLUMSY,2,31,7,True
CARD.TRANSFIGURE,2,33,7,True
CARD.DEATHBRINGER,3,35,7,True
CARD.GRAVE_WARDEN,3,36,7,True
CARD.INVOKE,3,37,7,True
CARD.COUNTDOWN,3,38,7,True
CARD.DEFY,3,39,7,True
CARD.LETHALITY,3,46,7,True
CARD.GREED,1,1,0,True
CARD.BACKFLIP,1,2,0,True
CARD.PREPARED,1,3,0,True
CARD.ANTICIPATE,1,4,0,True
CARD.SPEEDSTER,1,5,0,True
CARD.TACTICIAN,1,5,0,True
CARD.LEG_SWEEP,1,6,0,True
CARD.SPOILS_MAP,1,7,0,True
CARD.FLECHETTES,1,10,0,True
CARD.NOXIOUS_FUMES,1,11,0,True
CARD.OUTBREAK,1,14,0,True
CARD.PINPOINT,1,14,0,True
CARD.ABRASIVE,1,16,0,True
CARD.BLUR,2,20,0,True
CARD.TACTICIAN,2,22,0,True
CARD.DODGE_AND_ROLL,2,22,0,True
CARD.HIDDEN_DAGGERS,2,27,0,True
CARD.ADRENALINE,2,31,0,True
CARD.PREPARED,3,33,0,True
CARD.SPEEDSTER,3,34,0,True
CARD.DASH,3,37,0,True
CARD.SNAKEBITE,3,42,0,True
CARD.CALCULATED_GAMBLE,3,43,0,True
CARD.MANIFEST_AUTHORITY,1,2,1,True
CARD.SUMMON_FORTH,1,3,1,True
CARD.SWORD_SAGE,1,5,1,True
CARD.ASTRAL_PULSE,1,6,1,True
CARD.SPECTRUM_SHIFT,1,6,1,True
CARD.BEGONE,1,6,1,True
CARD.COSMIC_INDIFFERENCE,1,6,1,True
CARD.SUPERMASSIVE,1,6,1,True
CARD.KNOW_THY_PLACE,1,8,1,True
CARD.GATHER_LIGHT,1,8,1,True
CARD.PILLAR_OF_CREATION,1,12,1,True
CARD.CRASH_LANDING,1,16,1,True
CARD.CONVERGENCE,2,21,1,True
CARD.FURNACE,2,27,1,True
CARD.BLACK_HOLE,2,28,1,True
CARD.THE_SMITH,2,31,1,True
CARD.APPARITION,3,32,1,True
CARD.APPARITION,3,32,1,True
CARD.APPARITION,3,32,1,True
CARD.GLOW,3,33,1,True
CARD.HIDDEN_GEM,3,35,1,True
CARD.DECAY,3,40,1,True
CARD.DEATHBRINGER,1,2,2,False
CARD.SNAP,1,3,2,False
CARD.DEBILITATE,1,6,2,False
CARD.DELAY,1,7,2,False
CARD.TIMES_UP,1,10,2,False
CARD.WISP,1,12,2,False
CARD.DIRGE,1,14,2,False
CARD.END_OF_DAYS,1,16,2,False
CARD.FRIENDSHIP,2,18,2,False
CARD.CAPTURE_SPIRIT,2,19,2,False
CARD.SHOCKWAVE,2,20,2,False
CARD.NEGATIVE_PULSE,2,27,2,False
CARD.ENFEEBLING_TOUCH,2,29,2,False
CARD.SPIRIT_OF_ASH,2,31,2,False
CARD.NO_ESCAPE,3,37,2,False
CARD.DECAY,3,42,2,False
CARD.ENERGY_SURGE,1,1,2,True
CARD.LEAP,1,2,2,True
CARD.COOLHEADED,1,3,2,True
CARD.COLD_SNAP,1,4,2,True
CARD.GENETIC_ALGORITHM,1,5,2,True
CARD.GO_FOR_THE_EYES,1,6,2,True
CARD.OVERCLOCK,1,8,2,True
CARD.FIGHT_THROUGH,1,11,2,True
CARD.ALL_FOR_ONE,1,13,2,True
CARD.ITERATION,1,13,2,True
CARD.SPINNER,1,14,2,True
CARD.METEOR_STRIKE,1,16,2,True
CARD.COMPACT,2,18,2,True
CARD.FERAL,2,20,2,True
CARD.HAILSTORM,2,22,2,True
CARD.STORM,2,25,2,True
CARD.HOTFIX,2,27,2,True
CARD.TURBO,2,28,2,True
CARD.BUFFER,2,29,2,True
CARD.CLAW,2,29,2,True
CARD.TRASH_TO_TREASURE,2,31,2,True
CARD.LIGHTNING_ROD,3,33,2,True
CARD.BULK_UP,3,34,2,True
CARD.CLUMSY,3,40,2,True
CARD.CHAOS,3,42,2,True
CARD.EQUILIBRIUM,1,1,3,False
CARD.COMPACT,1,2,3,False
CARD.BYRDONIS_EGG,1,3,3,False
CARD.CHARGE_BATTERY,1,4,3,False
CARD.DOUBLE_ENERGY,1,5,3,False
CARD.SUBROUTINE,1,6,3,False
CARD.SUNDER,1,8,3,False
CARD.FERAL,1,13,3,False
CARD.ITERATION,1,14,3,False
CARD.VOLTAIC,1,16,3,False
CARD.DOUBLE_ENERGY,2,18,3,False
CARD.FERAL,2,18,3,False
CARD.METAMORPHOSIS,2,19,3,False
CARD.LOOP,2,20,3,False
CARD.DARKNESS,2,20,3,False
CARD.LIGHTNING_ROD,2,25,3,False
CARD.LEAP,2,27,3,False
CARD.ABRASIVE,1,1,3,True
CARD.BACKSTAB,1,2,3,True
CARD.POUNCE,1,3,3,True
CARD.CLUMSY,1,5,3,True
CARD.ESCAPE_PLAN,1,6,3,True
CARD.CORROSIVE_WAVE,1,8,3,True
CARD.BACKFLIP,1,10,3,True
CARD.EXPERTISE,1,13,3,True
CARD.BUBBLE_BUBBLE,1,14,3,True
CARD.DASH,1,14,3,True
CARD.BLUR,1,14,3,True
CARD.ACCELERANT,1,16,3,True
CARD.CALCULATED_GAMBLE,2,18,3,True
CARD.HIDDEN_DAGGERS,2,19,3,True
CARD.DEFLECT,2,20,3,True
CARD.POISONED_STAB,2,22,3,True
CARD.BOUNCING_FLASK,2,26,3,True
CARD.BACKFLIP,2,29,3,True
CARD.MURDER,2,31,3,True
CARD.OUTBREAK,3,35,3,True
CARD.FINESSE,3,35,3,True
CARD.DEADLY_POISON,3,36,3,True
CARD.REGRET,3,41,3,True
CARD.PREPARED,3,42,3,True
CARD.EQUILIBRIUM,3,43,3,True
CARD.FOOTWORK,3,43,3,True
CARD.GATHER_LIGHT,1,2,4,False
CARD.COSMIC_INDIFFERENCE,1,4,4,False
CARD.ASTRAL_PULSE,1,5,4,False
CARD.RESONANCE,1,6,4,False
CARD.THE_SMITH,1,7,4,False
CARD.GLOW,1,8,4,False
CARD.HIDDEN_CACHE,1,11,4,False
CARD.PILLAR_OF_CREATION,1,13,4,False
CARD.I_AM_INVINCIBLE,1,16,4,False
CARD.EXTERMINATE,2,19,4,False
CARD.REFLECT,2,21,4,False
CARD.LANTERN_KEY,2,27,4,False
CARD.LARGESSE,2,27,4,False
CARD.GUARDS,2,28,4,False
CARD.HUDDLE_UP,2,28,4,False
CARD.SHRUG_IT_OFF,1,2,4,True
CARD.TREMBLE,1,3,4,True
CARD.ARMAMENTS,1,4,4,True
CARD.CLUMSY,1,5,4,True
CARD.INFERNO,1,6,4,True
CARD.TRUE_GRIT,1,6,4,True
CARD.WHIRLWIND,1,8,4,True
CARD.FLAME_BARRIER,1,11,4,True
CARD.TRUE_GRIT,1,12,4,True
CARD.IMPERVIOUS,1,13,4,True
CARD.BLOODLETTING,1,14,4,True
CARD.CRUELTY,1,16,4,True
CARD.VICIOUS,2,19,4,True
CARD.COLOSSUS,2,21,4,True
CARD.SHOCKWAVE,2,21,4,True
CARD.RUPTURE,2,23,4,True
CARD.METAMORPHOSIS,2,28,4,True
CARD.CASCADE,2,29,4,True
CARD.JUGGERNAUT,2,31,4,True
CARD.DECAY,3,36,4,True
CARD.MOLTEN_FIST,3,42,4,True
CARD.COLOSSUS,3,43,4,True
CARD.VOID_FORM,1,1,5,False
CARD.MANIFEST_AUTHORITY,1,2,5,False
CARD.KINGLY_KICK,1,3,5,False
CARD.SOLAR_STRIKE,1,4,5,False
CARD.GLITTERSTREAM,1,6,5,False
CARD.BULWARK,1,8,5,False
CARD.SPORE_MIND,1,11,5,False
CARD.TAG_TEAM,1,13,5,False
CARD.DECISIONS_DECISIONS,1,16,5,False
CARD.BEGONE,2,17,5,False
CARD.HEGEMONY,2,17,5,False
CARD.DYING_STAR,2,17,5,False
CARD.GLOW,2,19,5,False
CARD.CONQUEROR,2,20,5,False
CARD.ULTIMATE_DEFEND,2,21,5,False
CARD.KINGLY_PUNCH,2,26,5,False
CARD.CONVERGENCE,2,26,5,False
CARD.PRODUCTION,2,26,5,False
CARD.GREED,1,1,5,True
CARD.GLASSWORK,1,2,5,True
CARD.SPOILS_MAP,1,4,5,True
CARD.CHARGE_BATTERY,1,5,5,True
CARD.COOLHEADED,1,6,5,True
CARD.BALL_LIGHTNING,1,11,5,True
CARD.CLAW,1,12,5,True
CARD.DOUBLE_ENERGY,1,13,5,True
CARD.HOLOGRAM,1,14,5,True
CARD.FLAK_CANNON,1,16,5,True
CARD.GUNK_UP,2,18,5,True
CARD.ROCKET_PUNCH,2,19,5,True
CARD.ENERGY_SURGE,2,20,5,True
CARD.ITERATION,2,20,5,True
CARD.FIGHT_THROUGH,2,21,5,True
CARD.ROCKET_PUNCH,2,22,5,True
CARD.BOOT_SEQUENCE,2,26,5,True
CARD.BEAM_CELL,2,29,5,True
CARD.CHARGE_BATTERY,2,29,5,True
CARD.SUPERCRITICAL,2,31,5,True
CARD.FIGHT_THROUGH,3,35,5,True
CARD.DECAY,3,36,5,True
CARD.BULK_UP,3,40,5,True
CARD.COOLHEADED,3,43,5,True
CARD.BLADE_DANCE,1,2,6,True
CARD.FOLLOW_THROUGH,1,3,6,True
CARD.GREED,1,4,6,True
CARD.SNEAKY,1,5,6,True
CARD.INFINITE_BLADES,1,6,6,True
CARD.MURDER,1,8,6,True
CARD.SPOILS_MAP,1,12,6,True
CARD.LEG_SWEEP,1,13,6,True
CARD.FINISHER,1,14,6,True
CARD.SERPENT_FORM,1,16,6,True
CARD.INFINITE_BLADES,2,18,6,True
CARD.SQUASH,2,19,6,True
CARD.SNAKEBITE,2,21,6,True
CARD.PREPARED,2,25,6,True
CARD.FOOTWORK,2,26,6,True
CARD.NIGHTMARE,2,27,6,True
CARD.SPLASH,2,27,6,True
CARD.PIERCING_WAIL,2,28,6,True
CARD.TOOLS_OF_THE_TRADE,2,31,6,True
CARD.STRIKE_SILENT,3,36,6,True
CARD.STRIKE_SILENT,3,36,6,True
CARD.STRIKE_SILENT,3,36,6,True
CARD.STRIKE_SILENT,3,36,6,True
CARD.DEFEND_SILENT,3,36,6,True
CARD.DEFEND_SILENT,3,36,6,True
CARD.DEFEND_SILENT,3,36,6,True
CARD.DEFEND_SILENT,3,36,6,True
CARD.DEFEND_SILENT,3,36,6,True
CARD.SURVIVOR,3,36,6,True
CARD.ASCENDERS_BANE,3,36,6,True
CARD.BLADE_DANCE,3,36,6,True
CARD.FOLLOW_THROUGH,3,36,6,True
CARD.GREED,3,36,6,True
CARD.SNEAKY,3,36,6,True
CARD.MURDER,3,36,6,True
CARD.LEG_SWEEP,3,36,6,True
CARD.FINISHER,3,36,6,True
CARD.SERPENT_FORM,3,36,6,True
CARD.SUPPRESS,3,36,6,True
CARD.INFINITE_BLADES,3,36,6,True
CARD.SQUASH,3,36,6,True
CARD.SNAKEBITE,3,36,6,True
CARD.PREPARED,3,36,6,True
CARD.FOOTWORK,3,36,6,True
CARD.NIGHTMARE,3,36,6,True
CARD.SPLASH,3,36,6,True
CARD.PIERCING_WAIL,3,36,6,True
CARD.TOOLS_OF_THE_TRADE,3,36,6,True
CARD.BAD_LUCK,3,36,6,True
CARD.MURDER,3,39,6,True
CARD.MAD_SCIENCE,3,40,6,True
CARD.CALCULATED_GAMBLE,3,41,6,True
CARD.BLADE_DANCE,3,42,6,True
CARD.FERAL,1,2,7,False
CARD.NULL,1,3,7,False
CARD.DISTRACTION,1,4,7,False
CARD.CHILL,1,5,7,False
CARD.GO_FOR_THE_EYES,1,5,7,False
CARD.CHARGE_BATTERY,1,6,7,False
CARD.TEMPEST,1,11,7,False
CARD.VOLTAIC,1,14,7,False
CARD.NULL,2,18,7,False
CARD.COLD_SNAP,2,18,7,False
CARD.ZAP,2,21,7,False
CARD.LIGHTNING_ROD,2,21,7,False
CARD.BELIEVE_IN_YOU,2,22,7,False
CARD.TEMPEST,2,23,7,False
CARD.SHADOW_SHIELD,2,23,7,False
CARD.CLUMSY,2,25,7,False
CARD.DISTRACTION,2,26,7,False
CARD.COOLANT,2,26,7,False
CARD.CHILL,2,28,7,False
CARD.HOLOGRAM,2,29,7,False
CARD.CHARGE_BATTERY,1,1,8,False
CARD.DEBILITATE,1,1,8,False
CARD.INFERNAL_BLADE,1,3,8,False
CARD.BURNING_PACT,1,4,8,False
CARD.TREMBLE,1,5,8,False
CARD.MOLTEN_FIST,1,6,8,False
CARD.STAMPEDE,1,8,8,False
CARD.BATTLE_TRANCE,1,11,8,False
CARD.TAUNT,1,12,8,False
CARD.BLOODLETTING,1,15,8,False
CARD.AGGRESSION,1,17,8,False
CARD.SHRUG_IT_OFF,2,19,8,False
CARD.FISTICUFFS,2,21,8,False
CARD.SECOND_WIND,1,2,8,False
CARD.STONE_ARMOR,1,4,8,False
CARD.MOLTEN_FIST,1,5,8,False
CARD.COLD_SNAP,1,1,8,False
CARD.REAVE,1,1,8,False
CARD.TAUNT,1,2,8,False
CARD.ARMAMENTS,1,3,8,False
CARD.BREAKTHROUGH,1,6,8,False
CARD.TEAR_ASUNDER,1,7,8,False
CARD.UPPERCUT,1,9,8,False
CARD.WHIRLWIND,1,15,8,False
CARD.DEMON_FORM,1,17,8,False
CARD.EVIL_EYE,2,19,8,False
CARD.TRUE_GRIT,2,20,8,False
CARD.ARMAMENTS,2,21,8,False
CARD.TREMBLE,2,22,8,False
CARD.BLOOD_WALL,2,23,8,False
CARD.EVIL_EYE,1,2,8,True
CARD.SPOILS_MAP,1,3,8,True
CARD.TWIN_STRIKE,1,6,8,True
CARD.STOMP,1,7,8,True
CARD.BATTLE_TRANCE,1,8,8,True
CARD.WHIRLWIND,1,11,8,True
CARD.FEEL_NO_PAIN,1,15,8,True
CARD.PYRE,1,17,8,True
CARD.CURSE_OF_THE_BELL,2,18,8,True
CARD.EVIL_EYE,2,19,8,True
CARD.STAMPEDE,2,20,8,True
CARD.ETERNAL_ARMOR,2,29,8,True
CARD.TRUE_GRIT,2,29,8,True
CARD.DRUM_OF_BATTLE,2,30,8,True
CARD.BULLY,2,31,8,True
CARD.ONE_TWO_PUNCH,2,33,8,True
CARD.MOLTEN_FIST,3,36,8,True
CARD.INFLAME,3,44,8,True
CARD.ECHO_FORM,1,1,7,True
CARD.TURBO,1,2,7,True
CARD.SUNDER,1,3,7,True
CARD.SKIM,1,8,7,True
CARD.CHAOS,1,11,7,True
CARD.BUFFER,1,14,7,True
CARD.GENETIC_ALGORITHM,1,16,7,True
CARD.LEAP,2,18,7,True
CARD.CLUMSY,2,20,7,True
CARD.LOOP,2,21,7,True
CARD.LOOP,2,22,7,True
CARD.COMPACT,2,25,7,True
CARD.SYNCHRONIZE,2,26,7,True
CARD.FASTEN,2,28,7,True
CARD.BEAM_CELL,2,29,7,True
CARD.COOLANT,2,31,7,True
CARD.DECAY,3,34,7,True
CARD.DARKNESS,3,35,7,True
CARD.NULL,3,37,7,True
CARD.SUNDER,3,37,7,True
CARD.LIGHTNING_ROD,3,37,7,True
CARD.COOLHEADED,3,37,7,True
CARD.THUNDER,3,37,7,True
CARD.VOLLEY,3,37,7,True
CARD.ETERNAL_ARMOR,3,37,7,True
CARD.DECAY,3,37,7,True
CARD.SMOKESTACK,3,40,7,True
CARD.BOOT_SEQUENCE,3,42,7,True
CARD.MOMENTUM_STRIKE,3,43,7,True
CARD.NULL,3,43,7,True
CARD.TURBO,3,43,7,True
CARD.FUSION,3,43,7,True
CARD.FERAL,3,43,7,True
CARD.OMNISLICE,3,43,7,True
CARD.BEACON_OF_HOPE,3,43,7,True
CARD.MOLTEN_FIST,1,2,8,False
CARD.MOLTEN_FIST,1,3,8,False
CARD.STAMPEDE,1,4,8,False
CARD.SHRUG_IT_OFF,1,4,8,False
CARD.UPPERCUT,1,5,8,False
CARD.SHRUG_IT_OFF,1,6,8,False
CARD.FORGOTTEN_RITUAL,1,7,8,False
CARD.BATTLE_TRANCE,1,10,8,False
CARD.PILLAGE,1,11,8,False
CARD.EVIL_EYE,1,13,8,False
CARD.BULLY,1,13,8,False
CARD.STONE_ARMOR,1,14,8,False
CARD.AGGRESSION,1,16,8,False
CARD.BRIGHTEST_FLAME,2,17,8,False
CARD.TRUE_GRIT,2,19,8,False
CARD.DRUM_OF_BATTLE,2,20,8,False
CARD.JUGGLING,2,25,8,False
CARD.BLUDGEON,2,26,8,False
CARD.GOLD_AXE,2,29,8,False
CARD.MANGLE,2,31,8,False
CARD.FLAME_BARRIER,3,34,8,False
CARD.TREMBLE,3,34,8,False
CARD.BURNING_PACT,3,37,8,False
CARD.BALL_LIGHTNING,1,2,8,False
CARD.COOLHEADED,1,3,8,False
CARD.HOLOGRAM,1,4,8,False
CARD.BEAM_CELL,1,7,8,False
CARD.COOLHEADED,1,11,8,False
CARD.HOTFIX,1,12,8,False
CARD.CLAW,1,13,8,False
CARD.GO_FOR_THE_EYES,1,14,8,False
CARD.CHARGE_BATTERY,1,14,8,False
CARD.BATTLE_TRANCE,1,2,8,True
CARD.MOLTEN_FIST,1,3,8,True
CARD.PRIMAL_FORCE,1,4,8,True
CARD.SHRUG_IT_OFF,1,5,8,True
CARD.BULLY,1,6,8,True
CARD.POMMEL_STRIKE,1,8,8,True
CARD.WHIRLWIND,1,11,8,True
CARD.BLOOD_WALL,1,13,8,True
CARD.BREAKTHROUGH,1,14,8,True
CARD.CONFLAGRATION,1,16,8,True
CARD.BRIGHTEST_FLAME,2,17,8,True
CARD.DEMONIC_SHIELD,2,18,8,True
CARD.BURNING_PACT,2,19,8,True
CARD.TAUNT,2,21,8,True
CARD.OFFERING,2,22,8,True
CARD.HIDDEN_GEM,2,22,8,True
CARD.MOLTEN_FIST,2,23,8,True
CARD.TREMBLE,2,26,8,True
CARD.STAMPEDE,2,28,8,True
CARD.INFERNAL_BLADE,2,29,8,True
CARD.ANGER,2,29,8,True
CARD.TEAR_ASUNDER,2,31,8,True
CARD.WHISTLE,3,32,8,True
CARD.CLUMSY,3,34,8,True
CARD.UPPERCUT,3,35,8,True
CARD.DECAY,3,36,8,True
CARD.FLAME_BARRIER,3,37,8,True
CARD.PYRE,3,40,8,True
CARD.JUGGLING,3,42,8,True
CARD.BLOODLETTING,3,43,8,True
CARD.PURITY,1,1,9,False
CARD.PREPARED,1,2,9,False
CARD.BLADE_DANCE,1,3,9,False
CARD.LEADING_STRIKE,1,4,9,False
CARD.DEADLY_POISON,1,5,9,False
CARD.PIERCING_WAIL,1,10,9,False
CARD.SERPENT_FORM,1,11,9,False
CARD.FLANKING,1,13,9,False
CARD.BACKFLIP,1,14,9,False
CARD.MURDER,1,16,9,False
CARD.NOXIOUS_FUMES,2,18,9,False
CARD.OUTBREAK,2,19,9,False
CARD.PIERCING_WAIL,2,21,9,False
CARD.SHOCKWAVE,2,22,9,False
CARD.TACTICIAN,2,26,9,False
CARD.KNIFE_TRAP,2,28,9,False
CARD.COMET,1,1,9,False
CARD.GLITTERSTREAM,1,2,9,False
CARD.KNOCKOUT_BLOW,1,3,9,False
CARD.CONVERGENCE,1,4,9,False
CARD.BEGONE,1,8,9,False
CARD.COSMIC_INDIFFERENCE,1,11,9,False
CARD.INJURY,1,14,9,False
CARD.THE_SMITH,1,16,9,False
CARD.BULWARK,2,18,9,False
CARD.KINGLY_KICK,2,20,9,False
CARD.CHARGE,2,28,9,False
CARD.HAILSTORM,1,2,9,False
CARD.GUILTY,1,3,9,False
CARD.BEAM_CELL,1,4,9,False
CARD.GLACIER,1,5,9,False
CARD.BALL_LIGHTNING,1,6,9,False
CARD.HOTFIX,1,8,9,False
CARD.HAILSTORM,1,12,9,False
CARD.THUNDER,1,13,9,False
CARD.SWEEPING_BEAM,1,14,9,False
CARD.ECHO_FORM,1,16,9,False
CARD.CHILL,2,18,9,False
CARD.HAILSTORM,2,19,9,False
CARD.CLAW,2,19,9,False
CARD.GLASSWORK,2,20,9,False
CARD.THUNDER,2,21,9,False
CARD.BELIEVE_IN_YOU,2,22,9,False
CARD.SQUASH,2,28,9,False
CARD.ROCKET_PUNCH,1,2,9,False
CARD.GREED,1,3,9,False
CARD.STAMPEDE,1,2,9,True
CARD.TAUNT,1,4,9,True
CARD.TRUE_GRIT,1,5,9,True
CARD.GUILTY,1,7,9,True
CARD.PERFECTED_STRIKE,1,11,9,True
CARD.COLOSSUS,1,13,9,True
CARD.OMNISLICE,1,14,9,True
CARD.PYRE,1,16,9,True
CARD.RAMPAGE,2,18,9,True
CARD.DRUM_OF_BATTLE,2,19,9,True
CARD.UPPERCUT,2,20,9,True
CARD.POMMEL_STRIKE,2,20,9,True
CARD.BLOODLETTING,2,21,9,True
CARD.DOMINATE,2,22,9,True
CARD.STONE_ARMOR,2,25,9,True
CARD.BLUDGEON,2,27,9,True
CARD.MIMIC,2,28,9,True
CARD.TEAR_ASUNDER,2,31,9,True
CARD.WHISTLE,3,32,9,True
CARD.RAGE,3,35,9,True
CARD.FLASH_OF_STEEL,3,35,9,True
CARD.BULLY,3,36,9,True
CARD.CLUMSY,3,37,9,True
CARD.PERFECTED_STRIKE,3,40,9,True
CARD.PERFECTED_STRIKE,3,42,9,True
CARD.KNOCKDOWN,3,43,9,True
CARD.BLIGHT_STRIKE,1,1,10,False
CARD.GLACIER,1,1,10,False
CARD.BODY_SLAM,1,2,10,False
CARD.RAMPAGE,1,3,10,False
CARD.BATTLE_TRANCE,1,5,10,False
CARD.BLOODLETTING,1,6,10,False
CARD.BREAKTHROUGH,1,8,10,False
CARD.TREMBLE,1,10,10,False
CARD.STAMPEDE,1,2,10,False
CARD.HEADBUTT,1,3,10,False
CARD.MOLTEN_FIST,1,4,10,False
CARD.DEATHS_DOOR,1,2,10,False
CARD.PUTREFY,1,3,10,False
CARD.REAP,1,4,10,False
CARD.DEFY,1,5,10,False
CARD.NEGATIVE_PULSE,1,5,10,False
CARD.INVOKE,1,7,10,False
CARD.FEAR,1,8,10,False
CARD.GRAVE_WARDEN,1,8,10,False
CARD.DELAY,1,8,10,False
CARD.END_OF_DAYS,1,11,10,False
CARD.LETHALITY,1,13,10,False
CARD.REAPER_FORM,1,16,10,False
CARD.FRIENDSHIP,2,18,10,False
CARD.JACK_OF_ALL_TRADES,2,20,10,False
CARD.LETHALITY,2,22,10,False
CARD.PAGESTORM,2,22,10,False
CARD.DEFY,2,26,10,False
CARD.NO_ESCAPE,2,28,10,False
CARD.BORROWED_TIME,2,29,10,False
CARD.CONQUEROR,1,2,10,False
CARD.KINGLY_PUNCH,1,3,10,False
CARD.SPECTRUM_SHIFT,1,3,10,False
CARD.GATHER_LIGHT,1,3,10,False
CARD.PARRY,1,4,10,False
CARD.KNOW_THY_PLACE,1,6,10,False
CARD.SPOILS_MAP,1,7,10,False
CARD.REFINE_BLADE,1,11,10,False
CARD.SPOILS_OF_BATTLE,1,13,10,False
CARD.VOID_FORM,1,16,10,False
CARD.PARRY,2,18,10,False
CARD.LUNAR_BLAST,2,18,10,False
CARD.BULWARK,2,21,10,False
CARD.COSMIC_INDIFFERENCE,2,21,10,False
CARD.MANIFEST_AUTHORITY,2,22,10,False
CARD.FEAR,1,2,10,False
CARD.NEGATIVE_PULSE,1,4,10,False
CARD.WISP,1,5,10,False
CARD.FETCH,1,6,10,False
CARD.BYRDONIS_EGG,1,7,10,False
CARD.BONE_SHARDS,1,8,10,False
CARD.DEFY,1,11,10,False
CARD.GRAVE_WARDEN,1,12,10,False
CARD.COUNTDOWN,1,13,10,False
CARD.OBLIVION,1,16,10,False
CARD.HAUNT,2,18,10,False
CARD.NO_ESCAPE,2,20,10,False
CARD.HAUNT,2,21,10,False
CARD.FRIENDSHIP,2,21,10,False
CARD.HAZE,1,2,10,False
CARD.FLANKING,1,3,10,False
CARD.TACTICIAN,1,5,10,False
CARD.LEADING_STRIKE,1,6,10,False
CARD.SPOILS_MAP,1,8,10,False
CARD.CALCULATED_GAMBLE,1,13,10,False
CARD.SPEEDSTER,1,13,10,False
CARD.DAGGER_THROW,1,14,10,False
CARD.THE_SMITH,1,1,10,False
CARD.INJURY,1,1,10,False
CARD.SUPERMASSIVE,1,2,10,False
CARD.HIDDEN_CACHE,1,3,10,False
CARD.KNOCKOUT_BLOW,1,5,10,False
CARD.REFLECT,1,6,10,False
CARD.BEGONE,1,8,10,False
CARD.CHILD_OF_THE_STARS,1,13,10,False
CARD.COMET,1,16,10,False
CARD.REFINE_BLADE,2,18,10,False
CARD.ASTRAL_PULSE,2,19,10,False
CARD.GATHER_LIGHT,2,20,10,False
CARD.CLUMSY,2,21,10,False
CARD.GLIMMER,2,22,10,False
CARD.CONQUEROR,2,26,10,False
CARD.SUMMON_FORTH,2,28,10,False
CARD.COSMIC_INDIFFERENCE,2,29,10,False
CARD.STRIKE_IRONCLAD,1,1,10,False
CARD.DEFEND_IRONCLAD,1,1,10,False
CARD.BLOODLETTING,1,2,10,False
CARD.POMMEL_STRIKE,1,3,10,False
CARD.BLOOD_WALL,1,3,10,False
CARD.RAGE,1,4,10,False
CARD.TAUNT,1,5,10,False
CARD.BREAKTHROUGH,1,6,10,False
CARD.SHRUG_IT_OFF,1,8,10,False
CARD.HEGEMONY,1,1,10,False
CARD.EXPOSE,1,1,10,False
CARD.DEMONIC_SHIELD,1,2,10,False
CARD.DUAL_WIELD,1,3,10,False
CARD.HEADBUTT,1,5,10,False
CARD.FLAME_BARRIER,1,8,10,False
CARD.SHRUG_IT_OFF,1,10,10,False
CARD.BATTLE_TRANCE,1,12,10,False
CARD.SPOILS_MAP,1,13,10,False
CARD.RAGE,1,14,10,False
CARD.NO_ESCAPE,1,2,10,False
CARD.SOW,1,3,10,False
CARD.BONE_SHARDS,1,6,10,False
CARD.BLOODLETTING,1,1,10,False
CARD.BLOODLETTING,1,1,10,False
CARD.COOLHEADED,1,2,10,False
CARD.HOTFIX,1,3,10,False
CARD.SYNCHRONIZE,1,6,10,False
CARD.FIEND_FIRE,1,1,10,False
CARD.BURNING_PACT,1,2,10,False
CARD.MOLTEN_FIST,1,3,10,False
CARD.UPPERCUT,1,4,10,False
CARD.SHRUG_IT_OFF,1,5,10,False
CARD.STONE_ARMOR,1,6,10,False
CARD.ESCAPE_PLAN,1,2,10,False
CARD.ACROBATICS,1,5,10,False
CARD.DASH,1,6,10,False
CARD.BLADE_OF_INK,1,7,10,False
CARD.ACROBATICS,1,10,10,False
CARD.BOUNCING_FLASK,1,11,10,False
CARD.ACCURACY,1,13,10,False
CARD.PHANTOM_BLADES,1,14,10,False
CARD.SNEAKY,1,16,10,False
CARD.INFINITE_BLADES,2,18,10,False
CARD.FLANKING,2,20,10,False
CARD.GOLD_AXE,2,25,10,False
CARD.HAZE,2,26,10,False
CARD.PREPARED,2,28,10,False
CARD.DEADLY_POISON,1,2,10,False
CARD.DASH,1,3,10,False
CARD.ESCAPE_PLAN,1,4,10,False
CARD.PHANTOM_BLADES,1,4,10,False
CARD.LEG_SWEEP,1,5,10,False
CARD.CALCULATED_GAMBLE,1,8,10,False
CARD.BACKFLIP,1,13,10,False
CARD.NOXIOUS_FUMES,1,14,10,False
CARD.STORM_OF_STEEL,1,16,10,False
CARD.INFINITE_BLADES,2,18,10,False
CARD.INFINITE_BLADES,2,20,10,False
CARD.PREPARED,2,21,10,False
CARD.PIERCING_WAIL,2,22,10,False
CARD.BACKFLIP,2,25,10,False
CARD.SCULPTING_STRIKE,1,2,10,False
CARD.DIRGE,1,4,10,False
CARD.INVOKE,1,6,10,False
CARD.PREPARED,1,2,10,False
CARD.SPEEDSTER,1,5,10,False
CARD.PIERCING_WAIL,1,6,10,False
CARD.BELIEVE_IN_YOU,1,1,10,False
CARD.PATTER,1,2,10,False
CARD.GLOW,1,4,10,False
CARD.CELESTIAL_MIGHT,1,6,10,False
CARD.ASTRAL_PULSE,1,8,10,False
CARD.SUMMON_FORTH,1,11,10,False
CARD.SPECTRUM_SHIFT,1,13,10,False
CARD.REFLECT,1,13,10,False
CARD.PARTICLE_WALL,1,14,10,False
CARD.HAMMER_TIME,1,16,10,False
CARD.THE_SEALED_THRONE,2,17,10,False
CARD.CONVERGENCE,2,18,10,False
CARD.FURNACE,2,19,10,False
CARD.QUASAR,2,19,10,False
CARD.GATHER_LIGHT,2,22,10,False
CARD.GATHER_LIGHT,2,22,10,False
CARD.SHADOW_STEP,1,1,8,False
CARD.INJURY,1,1,8,False
CARD.NOXIOUS_FUMES,1,2,8,False
CARD.UNTOUCHABLE,1,3,8,False
CARD.SNAKEBITE,1,4,8,False
CARD.CALCULATED_GAMBLE,1,5,8,False
CARD.PIERCING_WAIL,1,9,8,False
CARD.OUTBREAK,1,12,8,False
CARD.POUNCE,1,14,8,False
CARD.ARMAMENTS,1,1,8,True
CARD.POMMEL_STRIKE,1,1,8,True
CARD.GLACIER,1,2,8,True
CARD.LEAP,1,4,8,True
CARD.ITERATION,1,5,8,True
CARD.CHILL,1,9,8,True
CARD.SUNDER,1,11,8,True
CARD.CLAW,1,12,8,True
CARD.TEMPEST,1,14,8,True
CARD.ROCKET_PUNCH,1,15,8,True
CARD.MACHINE_LEARNING,1,17,8,True
CARD.BOOST_AWAY,2,21,8,True
CARD.NULL,2,23,8,True
CARD.PROWESS,2,25,8,True
CARD.TRANSFIGURE,2,29,8,True
CARD.COUNTDOWN,2,29,8,True
CARD.CHAOS,2,30,8,True
CARD.FUSION,2,31,8,True
CARD.SYNCHRONIZE,2,33,8,True
CARD.FLAK_CANNON,2,35,8,True
CARD.DARKNESS,3,37,8,True
CARD.HOTFIX,3,38,8,True
CARD.SCAVENGE,3,39,8,True
CARD.SKIM,3,41,8,True
CARD.OVERCLOCK,3,45,8,True
CARD.PREPARED,1,1,8,True
CARD.DODGE_AND_ROLL,1,1,8,True
CARD.MIRAGE,1,1,8,True
CARD.ANTICIPATE,1,2,8,True
CARD.MEMENTO_MORI,1,5,8,True
CARD.PIERCING_WAIL,1,6,8,True
CARD.HAZE,1,9,8,True
CARD.ESCAPE_PLAN,1,12,8,True
CARD.EXPOSE,1,14,8,True
CARD.SNAKEBITE,1,15,8,True
CARD.ENVENOM,1,17,8,True
CARD.DEFLECT,2,19,8,True
CARD.HAZE,2,20,8,True
CARD.CALCULATED_GAMBLE,2,20,8,True
CARD.DEFY,2,22,8,True
CARD.ENFEEBLING_TOUCH,2,22,8,True
CARD.ERADICATE,2,22,8,True
CARD.ASSASSINATE,2,24,8,True
CARD.SCARE,2,27,8,True
CARD.TACTICIAN,2,27,8,True
CARD.OUTBREAK,2,29,8,True
CARD.LEG_SWEEP,2,30,8,True
CARD.AFTERIMAGE,2,33,8,True
CARD.STRANGLE,3,35,8,True
CARD.SPEEDSTER,3,35,8,True
CARD.BACKFLIP,3,36,8,True
CARD.PREPARED,3,37,8,True
CARD.PREPARED,3,37,8,True
CARD.TOOLS_OF_THE_TRADE,3,43,8,True
CARD.WELL_LAID_PLANS,3,44,8,True
CARD.BACKFLIP,3,45,8,True
CARD.REGRET,3,46,8,True
CARD.LIFT,1,1,10,False
CARD.LEG_SWEEP,1,2,10,False
CARD.CLOAK_AND_DAGGER,1,4,10,False
CARD.BLADE_DANCE,1,5,10,False
CARD.PIERCING_WAIL,1,6,10,False
CARD.DAGGER_SPRAY,1,7,10,False
CARD.INFINITE_BLADES,1,10,10,False
CARD.ACCURACY,1,11,10,False
CARD.POISONED_STAB,1,11,10,False
CARD.DEFLECT,1,13,10,False
CARD.NOXIOUS_FUMES,1,14,10,False
CARD.THE_HUNT,1,16,10,False
CARD.DASH,2,18,10,False
CARD.MIRAGE,2,20,10,False
CARD.INFINITE_BLADES,2,21,10,False
CARD.NOXIOUS_FUMES,2,21,10,False
CARD.DEADLY_POISON,2,22,10,False
CARD.UP_MY_SLEEVE,2,23,10,False
CARD.SWORD_BOOMERANG,1,2,10,False
CARD.BLOODLETTING,1,3,10,False
CARD.TREMBLE,1,4,10,False
CARD.HEADBUTT,1,5,10,False
CARD.DRUM_OF_BATTLE,1,8,10,False
CARD.STONE_ARMOR,1,10,10,False
CARD.RUPTURE,1,12,10,False
CARD.IRON_WAVE,1,13,10,False
CARD.REFINE_BLADE,1,1,10,True
CARD.BEGONE,1,1,10,True
CARD.PILLAR_OF_CREATION,1,1,10,True
CARD.HIDDEN_CACHE,1,2,10,True
CARD.GAMMA_BLAST,1,6,10,True
CARD.GLITTERSTREAM,1,8,10,True
CARD.GATHER_LIGHT,1,10,10,True
CARD.PROLONG,1,11,10,True
CARD.SPOILS_MAP,1,12,10,True
CARD.CONQUEROR,1,13,10,True
CARD.TYRANNY,1,16,10,True
CARD.PILLAR_OF_CREATION,2,19,10,True
CARD.CHARGE,2,20,10,True
CARD.BLACK_HOLE,2,21,10,True
CARD.COSMIC_INDIFFERENCE,2,23,10,True
CARD.CLOAK_OF_STARS,2,28,10,True
CARD.BOMBARDMENT,2,31,10,True
CARD.KINGLY_PUNCH,3,33,10,True
CARD.SHOCKWAVE,3,35,10,True
CARD.STARDUST,3,35,10,True
CARD.CHILD_OF_THE_STARS,3,35,10,True
CARD.MANIFEST_AUTHORITY,3,37,10,True
CARD.DECAY,3,39,10,True
CARD.ALIGNMENT,3,40,10,True
CARD.RESONANCE,3,40,10,True
CARD.PARTICLE_WALL,3,42,10,True
CARD.CRASH_LANDING,1,1,10,False
CARD.INJURY,1,1,10,False
CARD.QUASAR,1,2,10,False
CARD.PATTER,1,4,10,False
CARD.REFLECT,1,5,10,False
CARD.HIDDEN_CACHE,1,8,10,False
CARD.GUARDS,1,16,10,False
CARD.MANIFEST_AUTHORITY,2,19,10,False
CARD.SPINNER,1,1,10,False
CARD.INJURY,1,1,10,False
CARD.WHITE_NOISE,1,2,10,False
CARD.COMPACT,1,4,10,False
CARD.REFRACT,1,6,10,False
CARD.ENERGY_SURGE,1,8,10,False
CARD.MODDED,1,10,10,False
CARD.ROCKET_PUNCH,1,13,10,False
CARD.REBOOT,1,16,10,False
CARD.BULK_UP,2,18,10,False
CARD.COOLHEADED,2,19,10,False
CARD.LEAP,2,20,10,False
CARD.TURBO,2,21,10,False
CARD.CHAOS,2,22,10,False
CARD.FIGHT_THROUGH,2,25,10,False
CARD.GLACIER,2,26,10,False
CARD.LOOP,2,28,10,False
CARD.HAILSTORM,2,29,10,False
CARD.FLAK_CANNON,2,31,10,False
CARD.APPARITION,3,32,10,False
CARD.APPARITION,3,32,10,False
CARD.APPARITION,3,32,10,False
CARD.GUNK_UP,3,33,10,False
CARD.MAD_SCIENCE,3,34,10,False
CARD.SMOKESTACK,3,40,10,False
CARD.SUBROUTINE,3,43,10,False
CARD.DIRGE,1,2,10,False
CARD.FRIENDSHIP,1,3,10,False
CARD.GUILTY,1,6,10,False
CARD.PARSE,1,7,10,False
CARD.DEFILE,1,10,10,False
CARD.ENFEEBLING_TOUCH,1,11,10,False
CARD.FTL,1,1,10,False
CARD.COLD_SNAP,1,1,10,False
CARD.BURNING_PACT,1,2,10,False
CARD.BREAKTHROUGH,1,3,10,False
CARD.FLAME_BARRIER,1,4,10,False
CARD.RUPTURE,1,4,10,False
CARD.ANGER,1,5,10,False
CARD.MOLTEN_FIST,1,6,10,False
CARD.BLUDGEON,1,7,10,False
CARD.GREED,1,8,10,False
CARD.STRIKE_SILENT,1,1,10,False
CARD.DEFEND_SILENT,1,1,10,False
CARD.BACKFLIP,1,2,10,False
CARD.GANG_UP,1,3,10,False
CARD.SUCKER_PUNCH,1,3,10,False
CARD.SPOILS_MAP,1,5,10,False
CARD.JUGGLING,1,2,10,False
CARD.TREMBLE,1,4,10,False
CARD.MOLTEN_FIST,1,5,10,False
CARD.ANGER,1,6,10,False
CARD.SWORD_BOOMERANG,1,7,10,False
CARD.LIGHTNING_ROD,1,2,10,False
CARD.FINESSE,1,3,10,False
CARD.COLD_SNAP,1,4,10,False
CARD.ENERGY_SURGE,1,5,10,False
CARD.GO_FOR_THE_EYES,1,6,10,False
CARD.SYNTHESIS,1,8,10,False
CARD.ENERGY_SURGE,1,11,10,False
CARD.NULL,1,13,10,False
CARD.ICE_LANCE,1,1,10,False
CARD.INJURY,1,1,10,False
CARD.DOUBLE_ENERGY,1,2,10,False
CARD.COOLHEADED,1,6,10,False
CARD.CLAW,1,8,10,False
CARD.LIGHTNING_ROD,1,10,10,False
CARD.GLACIER,1,13,10,False
CARD.COOLHEADED,1,14,10,False
CARD.DEFRAGMENT,1,16,10,False
CARD.DARKNESS,2,18,10,False
CARD.GO_FOR_THE_EYES,2,18,10,False
CARD.HAILSTORM,2,19,10,False
CARD.TEMPEST,2,25,10,False
CARD.TACTICIAN,1,2,10,False
CARD.THRUMMING_HATCHET,1,5,10,False
CARD.CLOAK_AND_DAGGER,1,6,10,False
CARD.ACROBATICS,1,7,10,False
CARD.PHANTOM_BLADES,1,10,10,False
CARD.BOUNCING_FLASK,1,12,10,False
CARD.BLUR,1,13,10,False
CARD.DODGE_AND_ROLL,1,14,10,False
CARD.AFTERIMAGE,1,16,10,False
CARD.ACROBATICS,2,18,10,False
CARD.UNTOUCHABLE,2,18,10,False
CARD.CASCADE,2,19,10,False
CARD.POMMEL_STRIKE,2,19,10,False
CARD.BATTLE_TRANCE,2,19,10,False
CARD.DEBT,2,20,10,False
CARD.FOOTWORK,2,22,10,False
CARD.SCARE,2,22,10,False
CARD.SHADOW_STEP,2,23,10,False
CARD.NOXIOUS_FUMES,2,25,10,False
CARD.METAMORPHOSIS,2,27,10,False
CARD.PIERCING_WAIL,2,28,10,False
CARD.DEBT,1,1,10,False
CARD.GLASSWORK,1,2,10,False
CARD.WHITE_NOISE,1,3,10,False
CARD.BEAM_CELL,1,4,10,False
CARD.CHARGE_BATTERY,1,5,10,False
CARD.FIGHT_THROUGH,1,6,10,False
CARD.UPROAR,1,8,10,False
CARD.TESLA_COIL,1,11,10,False
CARD.ENERGY_SURGE,1,13,10,False
CARD.COMPACT,1,14,10,False
CARD.TRASH_TO_TREASURE,1,16,10,False
CARD.BOOST_AWAY,2,18,10,False
CARD.DECAY,2,19,10,False
CARD.COOLHEADED,2,21,10,False
CARD.CLUMSY,2,27,10,False
CARD.TURBO,2,28,10,False
CARD.CLAW,2,28,10,False
CARD.FERAL,2,29,10,False
CARD.COOLHEADED,2,31,10,False
CARD.CREATIVE_AI,2,33,10,False
CARD.CLAW,3,35,10,False
CARD.SKIM,3,37,10,False
CARD.COMPILE_DRIVER,3,39,10,False
CARD.NULL,3,41,10,False
CARD.SCRAPE,3,44,10,False
CARD.ECHOING_SLASH,1,1,10,False
CARD.PREPARED,1,2,10,False
CARD.ANTICIPATE,1,3,10,False
CARD.FASTEN,1,4,10,False
CARD.BLUR,1,5,10,False
CARD.DAGGER_THROW,1,6,10,False
CARD.DASH,1,7,10,False
CARD.BLADE_DANCE,1,10,10,False
CARD.BACKFLIP,1,12,10,False
CARD.SUCKER_PUNCH,1,13,10,False
CARD.ADRENALINE,1,16,10,False
CARD.BLUR,2,18,10,False
CARD.ACCURACY,2,18,10,False
CARD.SQUASH,2,23,10,False
CARD.PINPOINT,2,27,10,False
CARD.FASTEN,2,28,10,False
CARD.INFINITE_BLADES,2,28,10,False
CARD.PREPARED,2,29,10,False
CARD.ENVENOM,2,33,10,False
CARD.APPARITION,3,34,10,False
CARD.APPARITION,3,34,10,False
CARD.APPARITION,3,34,10,False
CARD.SPEEDSTER,3,35,10,False
CARD.OUTBREAK,3,36,10,False
CARD.NOXIOUS_FUMES,3,36,10,False
CARD.MAD_SCIENCE,3,38,10,False
CARD.CLUMSY,3,39,10,False
CARD.LEADING_STRIKE,3,41,10,False
CARD.PIERCING_WAIL,3,42,10,False
CARD.ACCURACY,3,44,10,False
CARD.ANTICIPATE,3,45,10,False
CARD.BODY_SLAM,1,1,10,False
CARD.DEADLY_POISON,1,1,10,False
CARD.FTL,1,2,10,False
CARD.LIGHTNING_ROD,1,3,10,False
CARD.COLD_SNAP,1,4,10,False
CARD.ENERGY_SURGE,1,7,10,False
CARD.BOOT_SEQUENCE,1,8,10,False
CARD.FERAL,1,2,10,False
CARD.TESLA_COIL,1,3,10,False
CARD.GLASSWORK,1,4,10,False
CARD.TESLA_COIL,1,6,10,False
CARD.GO_FOR_THE_EYES,1,1,10,False
CARD.NEGATIVE_PULSE,1,1,10,False
CARD.LEADING_STRIKE,1,2,10,False
CARD.ESCAPE_PLAN,1,4,10,False
CARD.BLUR,1,5,10,False
CARD.BELIEVE_IN_YOU,1,6,10,False
CARD.PIERCING_WAIL,1,6,10,False
CARD.PIERCING_WAIL,1,7,10,False
CARD.ACROBATICS,1,8,10,False
CARD.UP_MY_SLEEVE,1,10,10,False
CARD.PIERCING_WAIL,1,12,10,False
CARD.BACKFLIP,1,13,10,False
CARD.PREPARED,1,14,10,False
CARD.CLOAK_AND_DAGGER,1,14,10,False
CARD.SERPENT_FORM,1,16,10,False
CARD.BRIGHTEST_FLAME,2,17,10,False
CARD.ACCURACY,2,18,10,False
CARD.FOOTWORK,2,19,10,False
CARD.METAMORPHOSIS,2,20,10,False
CARD.GRAVE_WARDEN,2,21,10,False
CARD.LEGION_OF_BONE,2,21,10,False
CARD.CALL_OF_THE_VOID,2,21,10,False
CARD.SUCKER_PUNCH,2,23,10,False
CARD.TOOLS_OF_THE_TRADE,2,28,10,False
CARD.TRACKING,2,31,10,False
CARD.FINISHER,1,2,10,False
CARD.DEADLY_POISON,1,4,10,False
CARD.PREPARED,1,5,10,False
CARD.GLOW,1,2,10,False
CARD.GATHER_LIGHT,1,5,10,False
CARD.SPOILS_MAP,1,6,10,False
CARD.REFLECT,1,8,10,False
CARD.GATHER_LIGHT,1,10,10,False
CARD.BULWARK,1,11,10,False
CARD.REFLECT,1,13,10,False
CARD.GATHER_LIGHT,1,14,10,False
CARD.CLOAK_OF_STARS,1,14,10,False
CARD.VOID_FORM,1,16,10,False
CARD.ALIGNMENT,2,18,10,False
CARD.GOLD_AXE,2,19,10,False
CARD.CHILL,1,2,10,False
CARD.LIGHTNING_ROD,1,3,10,False
CARD.CLAW,1,5,10,False
CARD.COLD_SNAP,1,6,10,False
CARD.BOOT_SEQUENCE,1,11,10,False
CARD.SHADOW_SHIELD,1,13,10,False
CARD.THUNDER,1,14,10,False
CARD.HOTFIX,1,14,10,False
CARD.MACHINE_LEARNING,1,16,10,False
CARD.DARKNESS,2,18,10,False
CARD.CHILL,2,19,10,False
CARD.CLAW,2,19,10,False
CARD.NULL,2,20,10,False
CARD.DEFRAGMENT,2,23,10,False
CARD.FERAL,2,25,10,False
CARD.CHARGE_BATTERY,2,29,10,False
CARD.CREATIVE_AI,2,31,10,False
CARD.WHISTLE,3,32,10,False
CARD.COLD_SNAP,3,33,10,False
CARD.BEACON_OF_HOPE,3,34,10,False
CARD.BEAM_CELL,3,36,10,False
CARD.BARRAGE,3,37,10,False
CARD.LOOP,3,39,10,False
CARD.HEADBUTT,1,2,10,True
CARD.UPPERCUT,1,3,10,True
CARD.BREAKTHROUGH,1,5,10,True
CARD.SHOCKWAVE,1,6,10,True
CARD.SWORD_BOOMERANG,1,7,10,True
CARD.NOT_YET,1,10,10,True
CARD.OFFERING,1,16,10,True
CARD.HOWL_FROM_BEYOND,2,18,10,True
CARD.SHRUG_IT_OFF,2,20,10,True
CARD.CLUMSY,2,21,10,True
CARD.BLOOD_WALL,2,22,10,True
CARD.FORGOTTEN_RITUAL,2,23,10,True
CARD.DOMINATE,2,26,10,True
CARD.FLAME_BARRIER,2,28,10,True
CARD.PYRE,2,29,10,True
CARD.BLOODLETTING,2,29,10,True
CARD.ONE_TWO_PUNCH,2,31,10,True
CARD.COLOSSUS,3,34,10,True
CARD.STAMPEDE,3,34,10,True
CARD.TRUE_GRIT,3,35,10,True
CARD.SHAME,3,36,10,True
CARD.BLAZE,3,39,10,True
CARD.BODY_SLAM,3,39,10,True
CARD.TANK,3,41,10,True
CARD.NORMALITY,1,1,10,False
CARD.KINGLY_PUNCH,1,1,10,False
CARD.KINGLY_KICK,1,1,10,False
CARD.BULWARK,1,1,10,False
CARD.GLOW,1,1,10,False
CARD.COSMIC_INDIFFERENCE,1,1,10,False
CARD.GATHER_LIGHT,1,1,10,False
CARD.HIDDEN_CACHE,1,1,10,False
CARD.TERRAFORMING,1,1,10,False
CARD.STARDUST,1,1,10,False
CARD.SOLAR_STRIKE,1,1,10,False
CARD.FINESSE,1,1,10,False
CARD.MIND_BLAST,1,1,10,False
CARD.REND,1,1,10,False
CARD.SPLASH,1,1,10,False
CARD.MIMIC,1,1,10,False
CARD.MANIFEST_AUTHORITY,1,2,10,False
CARD.GATHER_LIGHT,1,4,10,False
CARD.DECISIONS_DECISIONS,1,5,10,False
CARD.GAMMA_BLAST,1,6,10,False
CARD.GATHER_LIGHT,1,11,10,False
CARD.LARGESSE,1,13,10,False
CARD.PATTER,1,14,10,False
CARD.DYING_STAR,1,16,10,False
CARD.INJURY,1,16,10,False
CARD.LARGESSE,2,18,10,False
CARD.CONQUEROR,2,18,10,False
CARD.REFLECT,2,19,10,False
CARD.GANG_UP,2,20,10,False
CARD.ORBIT,2,21,10,False
CARD.PROLONG,2,26,10,False
CARD.BEAT_INTO_SHAPE,2,31,10,False
CARD.GUILTY,2,31,10,False
CARD.CLUMSY,3,34,10,False
CARD.REFLECT,3,35,10,False
CARD.MAD_SCIENCE,3,37,10,False
CARD.TAG_TEAM,3,41,10,False
CARD.SPOILS_OF_BATTLE,3,43,10,False
CARD.REBOOT,1,1,10,False
CARD.CHAOS,1,2,10,False
CARD.SPOILS_MAP,1,3,10,False
CARD.NULL,1,4,10,False
CARD.COOLHEADED,1,5,10,False
CARD.SWEEPING_BEAM,1,6,10,False
CARD.SHADOW_SHIELD,1,7,10,False
CARD.FIGHT_THROUGH,1,1,7,True
CARD.FIGHT_THROUGH,1,1,7,True
CARD.FIGHT_THROUGH,1,1,7,True
CARD.FIGHT_THROUGH,1,1,7,True
CARD.FIGHT_THROUGH,1,1,7,True
CARD.FLAK_CANNON,1,1,7,True
CARD.SMOKESTACK,1,1,7,True
CARD.ITERATION,1,1,7,True
CARD.IGNITION,1,1,7,True
CARD.ENERGY_SURGE,1,1,7,True
CARD.COMPACT,1,1,7,True
CARD.COOLHEADED,1,1,7,True
CARD.TURBO,1,1,7,True
CARD.REFRACT,1,1,7,True
CARD.CLAW,1,1,7,True
CARD.CHILL,1,2,7,True
CARD.BYRDONIS_EGG,1,3,7,True
CARD.FUSION,1,4,7,True
CARD.LOOP,1,5,7,True
CARD.FERAL,1,11,7,True
CARD.SPOILS_MAP,1,13,7,True
CARD.IMITATION_LEARNING,1,16,7,True
CARD.CHILL,2,18,7,True
CARD.ROCKET_PUNCH,2,19,7,True
CARD.BOOST_AWAY,2,20,7,True
CARD.SHOCKWAVE,2,25,7,True
CARD.SUBROUTINE,2,25,7,True
CARD.CLUMSY,2,26,7,True
CARD.HIBERNATE,2,29,7,True
CARD.COOLANT,2,31,7,True
CARD.HAILSTORM,3,35,7,True
CARD.STORM,3,36,7,True
CARD.PILLAGE,1,1,1,False
CARD.THRASH,1,1,1,False
CARD.DISMANTLE,1,1,1,False
CARD.ONE_TWO_PUNCH,1,1,1,False
CARD.FEEL_NO_PAIN,1,1,1,False
CARD.NOT_YET,1,1,1,False
CARD.BRAND,1,1,1,False
CARD.DEMON_FORM,1,1,1,False
CARD.SECOND_WIND,1,1,1,False
CARD.DRUM_OF_BATTLE,1,1,1,False
CARD.DARK_EMBRACE,1,1,1,False
CARD.HOWL_FROM_BEYOND,1,1,1,False
CARD.BRAND,1,1,1,False
CARD.HEMOKINESIS,1,1,1,False
CARD.PERFECTED_STRIKE,1,1,1,False
CARD.HOWL_FROM_BEYOND,1,1,1,False
CARD.FLAME_BARRIER,1,1,1,False
CARD.IMPERVIOUS,1,1,1,False
CARD.STOMP,1,1,1,False
CARD.CRIMSON_MANTLE,1,1,1,False
CARD.OFFERING,1,1,1,False
CARD.STONE_ARMOR,1,1,1,False
CARD.INFLAME,1,1,1,False
CARD.DISMANTLE,1,1,1,False
CARD.FORGOTTEN_RITUAL,1,1,1,False
CARD.NOT_YET,1,1,1,False
CARD.BODY_SLAM,1,1,1,False
CARD.BLOOD_WALL,1,1,1,False
CARD.NOT_YET,1,1,1,False
CARD.RAMPAGE,1,1,1,False
CARD.UPPERCUT,1,12,1,False
CARD.POMMEL_STRIKE,1,13,1,False
CARD.SPOILS_MAP,1,14,1,False
CARD.MONARCHS_GAZE,1,16,1,False
CARD.HEGEMONY,2,18,1,False
CARD.DEMON_FORM,2,19,1,False
CARD.DECAY,2,21,1,False
CARD.FURNACE,2,25,1,False
CARD.METAMORPHOSIS,2,27,1,False
CARD.FLICK_FLACK,1,2,10,False
CARD.PINPOINT,1,3,10,False
CARD.CONCOCT,1,4,10,False
CARD.BACKFLIP,1,5,10,False
CARD.SNAKEBITE,1,6,10,False
CARD.OUTBREAK,1,10,10,False
CARD.INFINITE_BLADES,1,11,10,False
CARD.MURDER,1,13,10,False
CARD.FOOTWORK,1,13,10,False
CARD.PREPARED,1,13,10,False
CARD.SERPENT_FORM,1,16,10,False
CARD.UP_MY_SLEEVE,2,18,10,False
CARD.SQUASH,2,19,10,False
CARD.FADE,2,20,10,False
CARD.BLOOD_WALL,2,21,10,False
CARD.FEED,2,21,10,False
CARD.BULLY,2,21,10,False
CARD.BLADE_SYMPHONY,2,22,10,False
CARD.DASH,2,26,10,False
CARD.PREPARED,2,29,10,False
CARD.CORROSIVE_WAVE,2,31,10,False
CARD.CLUMSY,3,36,10,False
CARD.FLECHETTES,3,40,10,False
CARD.ACROBATICS,3,43,10,False
CARD.SEEKER_STRIKE,1,1,5,True
CARD.SEEKER_STRIKE,1,1,5,True
CARD.SEEKER_STRIKE,1,1,5,True
CARD.MIND_BLAST,1,1,5,True
CARD.MIND_BLAST,1,1,5,True
CARD.MIND_BLAST,1,1,5,True
CARD.MAYHEM,1,1,5,True
CARD.MAYHEM,1,1,5,True
CARD.MAYHEM,1,1,5,True
CARD.MAYHEM,1,1,5,True
CARD.MAYHEM,1,1,5,True
CARD.MAYHEM,1,1,5,True
CARD.ROLLING_BOULDER,1,1,5,True
CARD.ROLLING_BOULDER,1,1,5,True
CARD.ROLLING_BOULDER,1,1,5,True
CARD.BLOOD_WALL,1,2,5,True
CARD.BLOOD_WALL,1,2,5,True
CARD.BLOOD_WALL,1,2,5,True
CARD.SHOCKWAVE,1,3,5,True
CARD.SHOCKWAVE,1,3,5,True
CARD.SHOCKWAVE,1,3,5,True
CARD.TREMBLE,1,4,5,True
CARD.TREMBLE,1,4,5,True
CARD.TREMBLE,1,4,5,True
CARD.MOLTEN_FIST,1,6,5,True
CARD.MOLTEN_FIST,1,6,5,True
CARD.MOLTEN_FIST,1,6,5,True
CARD.AGGRESSION,1,8,5,True
CARD.AGGRESSION,1,8,5,True
CARD.AGGRESSION,1,8,5,True
CARD.SPOILS_MAP,1,10,5,True
CARD.SPOILS_MAP,1,10,5,True
CARD.SPOILS_MAP,1,10,5,True
CARD.UPPERCUT,1,11,5,True
CARD.UPPERCUT,1,11,5,True
CARD.UPPERCUT,1,11,5,True
CARD.COLOSSUS,1,13,5,True
CARD.COLOSSUS,1,13,5,True
CARD.COLOSSUS,1,13,5,True
CARD.MASTER_OF_STRATEGY,1,14,5,True
CARD.MASTER_OF_STRATEGY,1,14,5,True
CARD.MASTER_OF_STRATEGY,1,14,5,True
CARD.MANGLE,1,16,5,True
CARD.MANGLE,1,16,5,True
CARD.MANGLE,1,16,5,True
CARD.HEADBUTT,2,18,5,True
CARD.HEADBUTT,2,18,5,True
CARD.HEADBUTT,2,18,5,True
CARD.DEMON_FORM,2,25,5,True
CARD.DEMON_FORM,2,25,5,True
CARD.DEMON_FORM,2,25,5,True
CARD.SHRUG_IT_OFF,2,26,5,True
CARD.SHRUG_IT_OFF,2,26,5,True
CARD.SHRUG_IT_OFF,2,26,5,True
CARD.FEED,2,27,5,True
CARD.FEED,2,27,5,True
CARD.FEED,2,27,5,True
CARD.UNMOVABLE,2,31,5,True
CARD.UNMOVABLE,2,31,5,True
CARD.UNMOVABLE,2,31,5,True
CARD.MAYHEM,3,34,5,True
CARD.MAYHEM,3,34,5,True
CARD.MAYHEM,3,34,5,True
CARD.IRON_WAVE,3,35,5,True
CARD.IRON_WAVE,3,35,5,True
CARD.IRON_WAVE,3,35,5,True
CARD.HEADBUTT,3,39,5,True
CARD.HEADBUTT,3,39,5,True
CARD.HEADBUTT,3,39,5,True
CARD.OUTRAGE,3,40,5,True
CARD.OUTRAGE,3,40,5,True
CARD.OUTRAGE,3,40,5,True
CARD.DARK_SHACKLES,3,40,5,True
CARD.DARK_SHACKLES,3,40,5,True
CARD.DARK_SHACKLES,3,40,5,True
CARD.MASTER_OF_STRATEGY,3,40,5,True
CARD.MASTER_OF_STRATEGY,3,40,5,True
CARD.MASTER_OF_STRATEGY,3,40,5,True
CARD.FLAME_BARRIER,3,40,5,True
CARD.FLAME_BARRIER,3,40,5,True
CARD.FLAME_BARRIER,3,40,5,True
CARD.CRUELTY,3,41,5,True
CARD.CRUELTY,3,41,5,True
CARD.CRUELTY,3,41,5,True
CARD.REGRET,3,42,5,True
CARD.REGRET,3,42,5,True
CARD.REGRET,3,42,5,True
CARD.SHRUG_IT_OFF,3,43,5,True
CARD.SHRUG_IT_OFF,3,43,5,True
CARD.SHRUG_IT_OFF,3,43,5,True
CARD.STRIKE_DEFECT,1,1,10,False
CARD.DEFEND_DEFECT,1,1,10,False
CARD.CHAOS,1,2,10,False
CARD.COOLHEADED,1,3,10,False
CARD.COLD_SNAP,1,4,10,False
CARD.FTL,1,5,10,False
CARD.CLAW,1,10,10,False
CARD.CHARGE_BATTERY,1,11,10,False
CARD.COOLHEADED,1,13,10,False
CARD.FUSION,1,14,10,False
CARD.ADAPTIVE_STRIKE,1,16,10,False
CARD.HOLOGRAM,2,18,10,False
CARD.SMOKESTACK,2,20,10,False
CARD.GUNK_UP,2,21,10,False
CARD.SPLASH,2,22,10,False
CARD.GO_FOR_THE_EYES,2,23,10,False
CARD.MOMENTUM_STRIKE,2,25,10,False
CARD.SHRUG_IT_OFF,2,26,10,False
CARD.FLAME_BARRIER,2,26,10,False
CARD.DOMINATE,2,26,10,False
CARD.ENERGY_SURGE,2,28,10,False
CARD.END_OF_DAYS,1,1,10,False
CARD.SPUR,1,2,10,False
CARD.COUNTDOWN,1,3,10,False
CARD.DELAY,1,5,10,False
CARD.FRIENDSHIP,1,6,10,False
CARD.SPLASH,1,6,10,False
CARD.NO_ESCAPE,1,8,10,False
CARD.GRAVE_WARDEN,1,10,10,False
CARD.DEVOUR_LIFE,1,12,10,False
CARD.DEBILITATE,1,14,10,False
CARD.CACOPHONY,1,16,10,False
CARD.GRAVE_WARDEN,2,18,10,False
CARD.DOWSING,1,1,10,False
CARD.BLOOD_WALL,1,2,10,False
CARD.TAUNT,1,3,10,False
CARD.CRUELTY,1,4,10,False
CARD.WHIRLWIND,1,4,10,False
CARD.CRUELTY,1,7,10,False
CARD.VICIOUS,1,8,10,False
CARD.SHRUG_IT_OFF,1,11,10,False
CARD.UNRELENTING,1,12,10,False
CARD.DOMINATE,1,14,10,False
CARD.HEADBUTT,1,14,10,False
CARD.PYRE,1,16,10,False
CARD.CRUELTY,2,18,10,False
CARD.DISMANTLE,2,18,10,False
CARD.BULLY,2,20,10,False
CARD.OUTRAGE,2,22,10,False
CARD.BLOODLETTING,2,26,10,False
CARD.CRUELTY,2,27,10,False
CARD.LANTERN_KEY,2,28,10,False
CARD.TREMBLE,2,28,10,False
CARD.TREMBLE,2,29,10,False
CARD.DEMON_FORM,2,31,10,False
CARD.INFERNAL_BLADE,3,33,10,False
CARD.TREMBLE,3,36,10,False
CARD.ASHEN_STRIKE,3,36,10,False
CARD.BATTLE_TRANCE,3,37,10,False
CARD.TREMBLE,3,41,10,False
CARD.TREMBLE,1,1,9,True
CARD.BREAKTHROUGH,1,1,9,True
CARD.INFERNAL_BLADE,1,1,9,True
CARD.CRUELTY,1,3,9,True
CARD.RAMPAGE,1,5,9,True
CARD.CLUMSY,1,6,9,True
CARD.TAUNT,1,8,9,True
CARD.DOMINATE,1,14,9,True
CARD.ARMAMENTS,1,15,9,True
CARD.UNMOVABLE,1,17,9,True
CARD.CRUELTY,2,19,9,True
CARD.MOLTEN_FIST,2,19,9,True
CARD.BLOOD_WALL,2,20,9,True
CARD.RUPTURE,2,22,9,True
CARD.INVOKE,2,23,9,True
CARD.ENFEEBLING_TOUCH,2,23,9,True
CARD.CALL_OF_THE_VOID,2,23,9,True
CARD.FISTICUFFS,2,25,9,True
CARD.MANGLE,2,27,9,True
CARD.FORGOTTEN_RITUAL,2,29,9,True
CARD.UPPERCUT,2,30,9,True
CARD.THRASH,2,33,9,True
CARD.COLOSSUS,3,37,9,True
CARD.REGRET,3,39,9,True
CARD.STRIKE_SILENT,1,1,9,False
CARD.DEFEND_SILENT,1,1,9,False
CARD.PHANTOM_BLADES,1,2,9,False
CARD.POISONED_STAB,1,3,9,False
CARD.PREPARED,1,4,9,False
CARD.SUCKER_PUNCH,1,4,9,False
CARD.CLUMSY,1,5,9,False
CARD.ANTICIPATE,1,6,9,False
CARD.SNAKEBITE,1,8,9,False
CARD.ACCELERANT,1,9,9,False
CARD.EXPOSE,1,13,9,False
CARD.BLADE_DANCE,1,14,9,False
CARD.KNIFE_TRAP,1,17,9,False
CARD.LEADING_STRIKE,2,19,9,False
CARD.CLOAK_AND_DAGGER,2,20,9,False
CARD.FOOTWORK,2,20,9,False
CARD.EXPOSE,2,21,9,False
CARD.DASH,2,22,9,False
CARD.HAZE,2,28,9,False
CARD.UNMOVABLE,2,30,9,False
CARD.FORGOTTEN_RITUAL,2,30,9,False
CARD.ACCURACY,2,31,9,False
CARD.ENVENOM,2,33,9,False
CARD.ESCAPE_PLAN,3,35,9,False
CARD.MASTER_OF_STRATEGY,3,37,9,False
CARD.DARK_SHACKLES,3,37,9,False
CARD.GUILTY,1,1,8,False
CARD.BEGONE,1,2,8,False
CARD.GLITTERSTREAM,1,3,8,False
CARD.CLUMSY,1,4,8,False
CARD.PALE_BLUE_DOT,1,6,8,False
CARD.KNOW_THY_PLACE,1,8,8,False
CARD.COSMIC_INDIFFERENCE,1,12,8,False
CARD.JACK_OF_ALL_TRADES,1,13,8,False
CARD.FURNACE,1,13,8,False
CARD.KINGLY_KICK,1,13,8,False
CARD.REFINE_BLADE,1,13,8,False
CARD.HIDDEN_CACHE,1,14,8,False
CARD.GENESIS,1,15,8,False
CARD.GUARDS,1,17,8,False
CARD.PARRY,2,19,8,False
CARD.DEBT,2,20,8,False
CARD.REFLECT,2,22,8,False
CARD.TRANSFIGURE,1,1,8,False
CARD.INJURY,1,1,8,False
CARD.NEGATIVE_PULSE,1,2,8,False
CARD.AFTERLIFE,1,3,8,False
CARD.RIGHT_HAND_HAND,1,5,8,False
CARD.DEATHS_DOOR,1,6,8,False
CARD.RATTLE,1,7,8,False
CARD.SHOCKWAVE,1,7,8,False
CARD.DEBILITATE,1,14,8,False
CARD.INJURY,1,15,8,False
CARD.GLOW,1,2,8,False
CARD.CRUSH_UNDER,1,3,8,False
CARD.CLUMSY,1,4,8,False
CARD.CONVERGENCE,1,5,8,False
CARD.COSMIC_INDIFFERENCE,1,6,8,False
CARD.FASTEN,1,7,8,False
CARD.CHILD_OF_THE_STARS,1,7,8,False
CARD.ASTRAL_PULSE,1,7,8,False
CARD.WROUGHT_IN_WAR,1,9,8,False
CARD.DEFY,1,2,8,True
CARD.SNAP,1,4,8,True
CARD.SHROUD,1,6,8,True
CARD.BORROWED_TIME,1,11,8,True
CARD.REAPER_FORM,1,12,8,True
CARD.DEFY,1,15,8,True
CARD.BANSHEES_CRY,1,17,8,True
CARD.CALCIFY,2,19,8,True
CARD.COUNTDOWN,2,20,8,True
CARD.DEATHBRINGER,2,23,8,True
CARD.BORROWED_TIME,2,23,8,True
CARD.DEFY,2,24,8,True
CARD.INVOKE,2,27,8,True
CARD.FRIENDSHIP,2,29,8,True
CARD.SPIRIT_OF_ASH,2,31,8,True
CARD.ENFEEBLING_TOUCH,2,31,8,True
CARD.THE_SCYTHE,2,33,8,True
CARD.PUTREFY,3,35,8,True
CARD.DECAY,3,45,8,True
CARD.BOOST_AWAY,1,2,9,False
CARD.COLD_SNAP,1,3,9,False
CARD.ENTRENCH,1,4,9,False
CARD.GO_FOR_THE_EYES,1,5,9,False
CARD.DARKNESS,1,6,9,False
CARD.FUSION,1,7,9,False
CARD.DOUBLE_ENERGY,1,9,9,False
CARD.COOLHEADED,1,11,9,False
CARD.GENETIC_ALGORITHM,1,17,9,False
CARD.SWEEPING_BEAM,2,19,9,False
CARD.DOUBLE_ENERGY,2,20,9,False
CARD.SMOKESTACK,2,20,9,False
CARD.MASTER_OF_STRATEGY,2,21,9,False
CARD.CHAOS,2,22,9,False
CARD.GREED,1,1,9,False
CARD.COOLHEADED,1,2,9,False
CARD.LEAP,1,3,9,False
CARD.CLAW,1,4,9,False
CARD.DOUBLE_ENERGY,1,7,9,False
CARD.SYNCHRONIZE,1,11,9,False
CARD.COMPILE_DRIVER,1,12,9,False
CARD.COMPACT,1,14,9,False
CARD.THRUMMING_HATCHET,1,1,9,True
CARD.SIDESTEP,1,2,9,True
CARD.BOUNCING_FLASK,1,3,9,True
CARD.PHANTOM_BLADES,1,6,9,True
CARD.ACCURACY,1,7,9,True
CARD.OUTBREAK,1,9,9,True
CARD.ANTICIPATE,1,12,9,True
CARD.UP_MY_SLEEVE,1,14,9,True
CARD.CALCULATED_GAMBLE,1,15,9,True
CARD.SCRAWL,1,15,9,True
CARD.BULLET_TIME,1,17,9,True
CARD.BACKFLIP,2,19,9,True
CARD.METAMORPHOSIS,2,20,9,True
CARD.CLUMSY,2,21,9,True
CARD.CALCULATED_GAMBLE,2,23,9,True
CARD.ACCELERANT,2,25,9,True
CARD.CLOAK_AND_DAGGER,2,29,9,True
CARD.SLICE,2,30,9,True
CARD.BACKFLIP,2,31,9,True
CARD.MALAISE,2,33,9,True
CARD.BUBBLE_BUBBLE,3,35,9,True
CARD.HIDDEN_DAGGERS,3,45,9,True
CARD.NEOWS_FURY,1,1,9,False
CARD.CHILL,1,2,9,False
CARD.GREED,1,3,9,False
CARD.LIGHTNING_ROD,1,5,9,False
CARD.COOLHEADED,1,6,9,False
CARD.FINESSE,1,6,9,False
CARD.COLD_SNAP,1,8,9,False
CARD.FIGHT_THROUGH,1,9,9,False
CARD.FTL,1,12,9,False
CARD.SHATTER,1,13,9,False
CARD.BUFFER,1,17,9,False
CARD.FINESSE,2,19,9,False
CARD.ROCKET_PUNCH,2,20,9,False
CARD.LOOP,2,21,9,False
CARD.SHADOW_SHIELD,2,27,9,False
CARD.SKIM,2,27,9,False
CARD.SHOCKWAVE,2,27,9,False
CARD.SPINNER,2,33,9,False
CARD.GO_FOR_THE_EYES,3,35,9,False
CARD.COOLHEADED,3,38,9,False
CARD.SUBROUTINE,3,40,9,False
CARD.JACKPOT,3,46,9,False
CARD.GUILTY,1,1,9,False
CARD.REAP,1,2,9,False
CARD.GRAVE_WARDEN,1,3,9,False
CARD.LETHALITY,1,5,9,False
CARD.CLUMSY,1,6,9,False
CARD.DEATHBRINGER,1,7,9,False
CARD.GUILTY,1,8,9,False
CARD.RIGHT_HAND_HAND,1,15,9,False
CARD.REANIMATE,1,17,9,False
CARD.ENFEEBLING_TOUCH,2,21,9,False
CARD.ESCAPE_PLAN,2,22,9,False
CARD.METAMORPHOSIS,2,23,9,False
CARD.BUFFER,2,27,9,False
CARD.ERADICATE,2,33,9,False
CARD.REGRET,3,36,9,False
CARD.NO_ESCAPE,3,39,9,False
CARD.GRAVE_WARDEN,1,2,9,False
CARD.POKE,1,4,9,False
CARD.ULTIMATE_DEFEND,1,4,9,False
CARD.COUNTDOWN,1,4,9,False
CARD.SLEIGHT_OF_FLESH,1,5,9,False
CARD.FLATTEN,1,6,9,False
CARD.DEBILITATE,1,7,9,False
CARD.BORROWED_TIME,1,8,9,False
CARD.SPIRIT_OF_ASH,1,11,9,False
CARD.NEUROSURGE,1,17,9,False
CARD.BRIGHTEST_FLAME,2,18,9,False
CARD.DANSE_MACABRE,2,19,9,False
CARD.BORROWED_TIME,2,20,9,False
CARD.PUTREFY,2,21,9,False
CARD.LETHALITY,2,21,9,False
CARD.EXTERMINATE,2,25,9,False
CARD.COLLISION_COURSE,1,2,8,True
CARD.COSMIC_INDIFFERENCE,1,3,8,True
CARD.BEGONE,1,5,8,True
CARD.GATHER_LIGHT,1,8,8,True
CARD.CLOAK_OF_STARS,1,12,8,True
CARD.GLITTERSTREAM,1,14,8,True
CARD.POOR_SLEEP,1,15,8,True
CARD.ARSENAL,1,17,8,True
CARD.QUASAR,2,19,8,True
CARD.DEBT,2,20,8,True
CARD.ORBIT,2,20,8,True
CARD.TYRANNY,2,20,8,True
CARD.FISTICUFFS,2,21,8,True
CARD.NORMALITY,2,23,8,True
CARD.SPOILS_OF_BATTLE,2,25,8,True
CARD.CRASH_LANDING,2,27,8,True
CARD.SUPERMASSIVE,2,28,8,True
CARD.REFLECT,2,30,8,True
CARD.BUNDLE_OF_JOY,2,33,8,True
CARD.PILLAR_OF_CREATION,3,36,8,True
CARD.BOLAS,3,36,8,True
CARD.KNOW_THY_PLACE,3,39,8,True
CARD.BONE_SHARDS,1,2,9,True
CARD.SHROUD,1,3,9,True
CARD.INVOKE,1,4,9,True
CARD.DELAY,1,8,9,True
CARD.COUNTDOWN,1,12,9,True
CARD.DEFY,1,14,9,True
CARD.GRAVE_WARDEN,1,15,9,True
CARD.MAYHEM,1,15,9,True
CARD.UNDEATH,1,17,9,True
CARD.RATTLE,2,19,9,True
CARD.DEBILITATE,2,21,9,True
CARD.STOKE,2,22,9,True
CARD.FINESSE,2,24,9,True
CARD.PARSE,2,29,9,True
CARD.SLEIGHT_OF_FLESH,2,30,9,True
CARD.DEATHS_DOOR,2,31,9,True
CARD.MAD_SCIENCE,3,36,9,True
CARD.GREED,1,1,9,False
CARD.COLLISION_COURSE,1,2,9,False
CARD.KNOW_THY_PLACE,1,3,9,False
CARD.ROLLING_BOULDER,1,4,9,False
CARD.CLOAK_OF_STARS,1,4,9,False
CARD.GAMMA_BLAST,1,4,9,False
CARD.INJURY,1,8,9,False
CARD.COSMIC_INDIFFERENCE,1,9,9,False
CARD.GLITTERSTREAM,1,12,9,False
CARD.BEGONE,1,15,9,False
CARD.CRASH_LANDING,1,17,9,False
CARD.GAMMA_BLAST,2,19,9,False
CARD.CLUMSY,2,20,9,False
CARD.SPECTRUM_SHIFT,2,21,9,False
CARD.EQUILIBRIUM,2,23,9,False
CARD.GLOW,2,25,9,False
CARD.GUARDS,2,33,9,False
CARD.CELESTIAL_MIGHT,3,38,9,False
CARD.CRESCENT_SPEAR,3,38,9,False
CARD.PATTER,3,38,9,False
CARD.GLOW,3,38,9,False
CARD.PILLAR_OF_CREATION,3,38,9,False
CARD.PREP_TIME,3,38,9,False
CARD.HIDDEN_GEM,3,38,9,False
CARD.FISTICUFFS,1,1,9,False
CARD.SHINING_STRIKE,1,2,9,False
CARD.PARTICLE_WALL,1,3,9,False
CARD.CLUMSY,1,4,9,False
CARD.PILLAR_OF_CREATION,1,6,9,False
CARD.HIDDEN_CACHE,1,2,9,False
CARD.GATHER_LIGHT,1,3,9,False
CARD.PARRY,1,4,9,False
CARD.COSMIC_INDIFFERENCE,1,5,9,False
CARD.GUARDS,1,6,9,False
CARD.GREED,1,1,10,False
CARD.INFLAME,1,2,10,False
CARD.ULTIMATE_DEFEND,1,3,10,False
CARD.FEEDING_FRENZY,1,3,10,False
CARD.PREP_TIME,1,3,10,False
CARD.FEEDING_FRENZY,1,3,10,False
CARD.TAUNT,1,4,10,False
CARD.BULLY,1,7,10,False
CARD.MOLTEN_FIST,1,11,10,False
CARD.COLOSSUS,1,14,10,False
CARD.BLUDGEON,1,15,10,False
CARD.DARK_EMBRACE,1,17,10,False
CARD.EXPECT_A_FIGHT,2,19,10,False
CARD.COLOSSUS,2,22,10,False
CARD.MAYHEM,2,27,10,False
CARD.PANACHE,2,27,10,False
CARD.SQUASH,2,29,10,False
CARD.JUGGERNAUT,2,33,10,False
CARD.FLAME_BARRIER,3,38,10,False
CARD.DECAY,3,39,10,False
CARD.MAD_SCIENCE,3,42,10,False
CARD.STONE_ARMOR,3,45,10,False
CARD.FIGHT_ME,1,2,10,True
CARD.CLUMSY,1,3,10,True
CARD.UNRELENTING,1,4,10,True
CARD.BYRDONIS_EGG,1,5,10,True
CARD.TWIN_STRIKE,1,9,10,True
CARD.COLOSSUS,1,13,10,True
CARD.ANGER,1,15,10,True
CARD.FIEND_FIRE,1,17,10,True
CARD.EXTERMINATE,2,20,10,True
CARD.FEEL_NO_PAIN,2,24,10,True
CARD.FEEL_NO_PAIN,2,24,10,True
CARD.CRUELTY,2,27,10,True
CARD.CRUELTY,2,27,10,True
CARD.SPLASH,2,27,10,True
CARD.SPLASH,2,27,10,True
CARD.DRUM_OF_BATTLE,2,29,10,True
CARD.DRUM_OF_BATTLE,2,29,10,True
CARD.CRIMSON_MANTLE,2,33,10,True
CARD.CRIMSON_MANTLE,2,33,10,True
CARD.MAD_SCIENCE,3,36,10,True
CARD.MAD_SCIENCE,3,36,10,True
CARD.MULTI_CAST,1,1,9,False
CARD.GLACIER,1,2,9,False
CARD.GUILTY,1,3,9,False
CARD.FIGHT_THROUGH,1,4,9,False
CARD.CHARGE_BATTERY,1,6,9,False
CARD.CHILL,1,7,9,False
CARD.NULL,1,11,9,False
CARD.HYPERBEAM,1,13,9,False
CARD.CLAW,1,14,9,False
CARD.COOLHEADED,1,15,9,False
CARD.SUPERCRITICAL,1,17,9,False
CARD.FERAL,2,21,9,False
CARD.ROCKET_PUNCH,2,23,9,False
CARD.DEBT,2,27,9,False
CARD.POKE,1,2,10,True
CARD.DEFY,1,4,10,True
CARD.SPOILS_MAP,1,5,10,True
CARD.FETCH,1,6,10,True
CARD.NEUROSURGE,1,7,10,True
CARD.DEBILITATE,1,9,10,True
CARD.CALCIFY,1,12,10,True
CARD.GRAVE_WARDEN,1,13,10,True
CARD.JACKPOT,1,14,10,True
CARD.PUTREFY,1,15,10,True
CARD.OBLIVION,1,17,10,True
CARD.ENFEEBLING_TOUCH,2,20,10,True
CARD.ULTIMATE_DEFEND,2,21,10,True
CARD.PAGESTORM,2,23,10,True
CARD.LANTERN_KEY,2,29,10,True
CARD.CLUMSY,2,30,10,True
CARD.MASTER_OF_STRATEGY,3,36,10,True
CARD.DIRGE,3,36,10,True
CARD.DECAY,3,39,10,True
CARD.DEFY,3,43,10,True
CARD.ETERNAL_ARMOR,3,46,10,True
CARD.WROUGHT_IN_WAR,1,2,9,False
CARD.ULTIMATE_DEFEND,1,3,9,False
CARD.KNOW_THY_PLACE,1,5,9,False
CARD.HEGEMONY,1,6,9,False
CARD.COMET,1,9,9,False
CARD.COLLISION_COURSE,1,11,9,False
CARD.GLITTERSTREAM,1,12,9,False
CARD.PILLAR_OF_CREATION,1,14,9,False
CARD.SEEKING_EDGE,1,17,9,False
CARD.PALE_BLUE_DOT,2,20,9,False
CARD.NORMALITY,2,21,9,False
CARD.GREED,1,1,9,False
CARD.BOOST_AWAY,1,2,9,False
CARD.LIGHTNING_ROD,1,3,9,False
CARD.REFRACT,1,4,9,False
CARD.NULL,1,7,9,False
CARD.CHILL,1,9,9,False
CARD.TRASH_TO_TREASURE,1,12,9,False
CARD.CLAW,1,13,9,False
CARD.BOOT_SEQUENCE,1,15,9,False
CARD.ICE_LANCE,1,17,9,False
CARD.SMOKESTACK,2,19,9,False
CARD.SMOKESTACK,2,20,9,False
CARD.CLAW,2,24,9,False
CARD.FTL,2,29,9,False
CARD.GUILTY,1,1,9,False
CARD.KNOW_THY_PLACE,1,2,9,False
CARD.BEGONE,1,3,9,False
CARD.SHINING_STRIKE,1,3,9,False
CARD.BULWARK,1,4,9,False
CARD.GLITTERSTREAM,1,5,9,False
CARD.SPECTRUM_SHIFT,1,6,9,False
CARD.GATHER_LIGHT,1,8,9,False
CARD.CLOAK_OF_STARS,1,11,9,False
CARD.GAMMA_BLAST,1,13,9,False
CARD.MAKE_IT_SO,1,17,9,False
CARD.SUMMON_FORTH,2,20,9,False
CARD.REANIMATE,2,22,9,False
CARD.LETHALITY,2,22,9,False
CARD.REFLECT,2,23,9,False
CARD.CONVERGENCE,2,24,9,False
CARD.PROPHESIZE,2,25,9,False
CARD.SPINNER,1,1,9,False
CARD.GLASSWORK,1,2,9,False
CARD.DISCOVERY,1,3,9,False
CARD.COLD_SNAP,1,5,9,False
CARD.NULL,1,7,9,False
CARD.FLAK_CANNON,1,9,9,False
CARD.HAILSTORM,1,14,9,False
CARD.GLASSWORK,1,15,9,False
CARD.MACHINE_LEARNING,1,17,9,False
CARD.BRIGHTEST_FLAME,2,18,9,False
CARD.FERAL,2,19,9,False
CARD.NULL,2,21,9,False
CARD.SHADOW_SHIELD,2,21,9,False
CARD.ULTIMATE_DEFEND,2,23,9,False
CARD.SHRUG_IT_OFF,1,1,10,False
CARD.HEADBUTT,1,1,10,False
CARD.COLOSSUS,1,1,10,False
CARD.STAMPEDE,1,4,10,False
CARD.ARMAMENTS,1,5,10,False
CARD.TAUNT,1,6,10,False
CARD.FLAME_BARRIER,1,7,10,False
CARD.DOMINATE,1,9,10,False
CARD.MOLTEN_FIST,1,12,10,False
CARD.JUGGERNAUT,1,17,10,False
CARD.FORGOTTEN_RITUAL,2,19,10,False
CARD.FEEL_NO_PAIN,2,20,10,False
CARD.EVIL_EYE,2,24,10,False
CARD.SHRUG_IT_OFF,2,25,10,False
CARD.INFLAME,1,2,10,False
CARD.SALVO,1,5,10,False
CARD.SHRUG_IT_OFF,1,6,10,False
CARD.FIGHT_ME,1,8,10,False
CARD.CHARGE_BATTERY,1,1,9,False
CARD.CLAW,1,1,9,False
CARD.SHADOW_SHIELD,1,1,9,False
CARD.OVERCLOCK,1,2,9,False
CARD.BULK_UP,1,5,9,False
CARD.BALL_LIGHTNING,1,7,9,False
CARD.BOOT_SEQUENCE,1,9,9,False
CARD.GO_FOR_THE_EYES,1,13,9,False
CARD.SUBROUTINE,1,14,9,False
CARD.GLACIER,1,15,9,False
CARD.ICE_LANCE,1,17,9,False
CARD.ENLIGHTENMENT,2,20,9,False
CARD.ENLIGHTENMENT,2,20,9,False
CARD.REFRACT,2,22,9,False
CARD.SUNDER,2,23,9,False
CARD.DEFRAGMENT,2,25,9,False
CARD.VOLTAIC,2,33,9,False
CARD.STORM,3,37,9,False
CARD.STRIKE_DEFECT,3,42,9,False
CARD.STRIKE_DEFECT,3,42,9,False
CARD.STRIKE_DEFECT,3,42,9,False
CARD.DEFEND_DEFECT,3,42,9,False
CARD.DEFEND_DEFECT,3,42,9,False
CARD.DEFEND_DEFECT,3,42,9,False
CARD.DEFEND_DEFECT,3,42,9,False
CARD.ZAP,3,42,9,False
CARD.DUALCAST,3,42,9,False
CARD.ASCENDERS_BANE,3,42,9,False
CARD.CHARGE_BATTERY,3,42,9,False
CARD.CLAW,3,42,9,False
CARD.SHADOW_SHIELD,3,42,9,False
CARD.OVERCLOCK,3,42,9,False
CARD.BULK_UP,3,42,9,False
CARD.BALL_LIGHTNING,3,42,9,False
CARD.BOOT_SEQUENCE,3,42,9,False
CARD.GO_FOR_THE_EYES,3,42,9,False
CARD.SUBROUTINE,3,42,9,False
CARD.GLACIER,3,42,9,False
CARD.ICE_LANCE,3,42,9,False
CARD.ENLIGHTENMENT,3,42,9,False
CARD.ENLIGHTENMENT,3,42,9,False
CARD.REFRACT,3,42,9,False
CARD.SUNDER,3,42,9,False
CARD.DEFRAGMENT,3,42,9,False
CARD.VOLTAIC,3,42,9,False
CARD.STORM,3,42,9,False
CARD.SCRAPE,3,42,9,False
CARD.BAD_LUCK,3,42,9,False
CARD.COOLHEADED,3,46,9,False
CARD.PUTREFY,1,2,10,False
CARD.DEFY,1,4,10,False
CARD.BORROWED_TIME,1,5,10,False
CARD.SEVERANCE,1,6,10,False
CARD.GUILTY,1,1,10,False
CARD.LEG_SWEEP,1,2,10,False
CARD.SPOILS_MAP,1,3,10,False
CARD.PIERCING_WAIL,1,5,10,False
CARD.ACCELERANT,1,6,10,False
CARD.FINESSE,1,6,10,False
CARD.BLADE_OF_INK,1,7,10,False
CARD.GREED,1,1,10,False
CARD.DEADLY_POISON,1,2,10,False
CARD.FOOTWORK,1,4,10,False
CARD.EXPOSE,1,4,10,False
CARD.HIDDEN_DAGGERS,1,5,10,False
CARD.BLADE_DANCE,1,6,10,False
CARD.ACROBATICS,1,7,10,False
CARD.ACCURACY,1,8,10,False
CARD.MURDER,1,11,10,False
CARD.LEG_SWEEP,1,13,10,False
CARD.PREPARED,1,14,10,False
CARD.BACKFLIP,2,19,10,False
CARD.NOXIOUS_FUMES,2,20,10,False
CARD.PIERCING_WAIL,2,21,10,False
CARD.MIRAGE,2,23,10,False
CARD.FAN_OF_KNIVES,2,27,10,False
CARD.SIDESTEP,2,31,10,False
CARD.POKE,1,2,10,False
CARD.PUTREFY,1,3,10,False
CARD.DEBILITATE,1,4,10,False
CARD.REAP,1,8,10,False
CARD.LETHALITY,1,11,10,False
CARD.DEMESNE,1,17,10,False
CARD.FASTEN,2,20,10,False
CARD.BORROWED_TIME,2,24,10,False
CARD.SLEIGHT_OF_FLESH,2,25,10,False
CARD.NO_ESCAPE,2,27,10,False
CARD.DOWSING,1,1,10,False
CARD.BACKFLIP,1,2,10,False
CARD.BLADE_DANCE,1,4,10,False
CARD.PREDATOR,1,5,10,False
CARD.UNTOUCHABLE,1,5,10,False
CARD.ACCURACY,1,6,10,False
CARD.OUTBREAK,1,8,10,False
CARD.DASH,1,2,10,False
CARD.ACCELERANT,1,3,10,False
CARD.SNAKEBITE,1,3,10,False
CARD.PREDATOR,1,4,10,False
CARD.PREPARED,1,5,10,False
CARD.BUBBLE_BUBBLE,1,7,10,False
CARD.DOWSING,1,1,10,False
CARD.PIERCING_WAIL,1,2,10,False
CARD.FOOTWORK,1,4,10,False
CARD.LEG_SWEEP,1,5,10,False
CARD.HIDDEN_DAGGERS,1,8,10,False
CARD.SNAKEBITE,1,9,10,False
CARD.HAZE,1,12,10,False
CARD.AFTERIMAGE,1,17,10,False
CARD.SQUASH,2,21,10,False
CARD.DEFY,2,23,10,False
CARD.NEUROSURGE,2,23,10,False
CARD.BACKFLIP,2,28,10,False
CARD.MIRAGE,2,31,10,False
CARD.SERPENT_FORM,2,33,10,False
CARD.BOUNCING_FLASK,3,37,10,False
CARD.LIGHTNING_ROD,1,2,9,False
CARD.COLD_SNAP,1,4,9,False
CARD.CLUMSY,1,5,9,False
CARD.FTL,1,7,9,False
CARD.CHARGE_BATTERY,1,8,9,False
CARD.THUNDER,1,12,9,False
CARD.BULK_UP,1,13,9,False
CARD.COMPACT,1,13,9,False
CARD.COLD_SNAP,1,14,9,False
CARD.HYPERBEAM,1,17,9,False
CARD.FTL,2,19,9,False
CARD.OVERCLOCK,2,20,9,False
CARD.HOLOGRAM,2,21,9,False
CARD.ROCKET_PUNCH,2,22,9,False
CARD.FERAL,2,23,9,False
CARD.GO_FOR_THE_EYES,2,25,9,False
CARD.SUBROUTINE,2,27,9,False
CARD.DARKNESS,1,2,9,False
CARD.COLD_SNAP,1,4,9,False
CARD.BOOST_AWAY,1,4,9,False
CARD.BULK_UP,1,5,9,False
CARD.COLD_SNAP,1,5,9,False
CARD.BALL_LIGHTNING,1,6,9,False
CARD.SMOKESTACK,1,8,9,False
CARD.COMPACT,1,9,9,False
CARD.NULL,1,12,9,False
CARD.OVERCLOCK,1,15,9,False
CARD.CLAW,2,19,9,False
CARD.DEBT,2,20,9,False
CARD.SHOCKWAVE,2,21,9,False
CARD.WHITE_NOISE,2,24,9,False
CARD.TURBO,2,27,9,False
CARD.ALL_FOR_ONE,2,31,9,False
CARD.DEADLY_POISON,1,2,10,False
CARD.LEADING_STRIKE,1,4,10,False
CARD.BLADE_DANCE,1,6,10,False
CARD.BLADE_OF_INK,1,7,10,False
CARD.BEAM_CELL,1,2,9,False
CARD.GO_FOR_THE_EYES,1,3,9,False
CARD.SUNDER,1,5,9,False
CARD.HOTFIX,1,5,9,False
CARD.FLATTEN,1,2,10,False
CARD.GUILTY,1,8,10,False
CARD.DEATHBRINGER,1,11,10,False
CARD.DEFY,1,12,10,False
CARD.FETCH,1,15,10,False
CARD.SHARED_FATE,1,17,10,False
CARD.INVOKE,2,19,10,False
CARD.FETCH,2,20,10,False
CARD.SLEIGHT_OF_FLESH,2,23,10,False
CARD.SCOURGE,2,25,10,False
CARD.FLATTEN,2,29,10,False
CARD.PAGESTORM,2,29,10,False
CARD.PUTREFY,2,30,10,False
CARD.DEATHS_DOOR,3,35,10,False
CARD.SLEIGHT_OF_FLESH,3,37,10,False
CARD.CLUMSY,3,38,10,False
CARD.REANIMATE,3,42,10,False
CARD.SHROUD,3,46,10,False
CARD.BLADE_OF_INK,1,1,10,True
CARD.INJURY,1,1,10,True
CARD.PREPARED,1,4,10,True
CARD.CLOAK_AND_DAGGER,1,5,10,True
CARD.SPEEDSTER,1,6,10,True
CARD.BOUNCING_FLASK,1,8,10,True
CARD.BACKFLIP,1,11,10,True
CARD.NOXIOUS_FUMES,1,12,10,True
CARD.SNAKEBITE,1,12,10,True
CARD.HIDDEN_DAGGERS,1,13,10,True
CARD.EXPOSE,1,14,10,True
CARD.AFTERIMAGE,1,14,10,True
CARD.ADRENALINE,1,17,10,True
CARD.SPEEDSTER,2,19,10,True
CARD.HAZE,2,19,10,True
CARD.ABRASIVE,2,24,10,True
CARD.PHANTOM_BLADES,2,28,10,True
CARD.ACCURACY,2,30,10,True
CARD.ASSASSINATE,2,30,10,True
CARD.ESCAPE_PLAN,2,31,10,True
CARD.ALCHEMIZE,3,37,10,True
CARD.BLUR,3,38,10,True
CARD.AFTERIMAGE,3,45,10,True
CARD.KNIFE_TRAP,3,45,10,True
CARD.FOOTWORK,3,46,10,True
